vehicle_id,make,model,year,type,fuel_type,transmission,color,price,mileage_kmpl,range_km,battery_kwh,engine_cc,seating_capacity,km_driven,condition_score,owner_name,owner_contact,registration_number,city,status,insurance_valid_till,last_service_date,age_years,resale_value
VH0969,Hyundai,Grand i10,2017,Hatchback,Petrol,AMT,Red,618265,38.4,,,1050.0,5,21598,5.8,Gurpreet Dubey,9512824934,CH72ZC9062,Chandigarh,Under Maintenance,2027-03-03,2022-05-17,7,258683
VH0241,Hero,Passion Pro,2015,Motorcycle,Petrol,Manual,Brown,70181,16.2,,,300.0,2,57257,3.6,Deepak Mishra,9584392493,BR10SH5237,Patna,Sold,2025-10-09,2022-02-04,9,21054
VH0820,TVS,Ntorq 125,2022,Scooter,Petrol,Manual,Orange,112484,55.0,,,100.0,2,104866,5.5,Deepak Pandey,9595682408,PB76FB6781,Ludhiana,Available,2026-04-05,2024-08-07,2,82690
VH0693,Tata,Tigor,2016,Sedan,Petrol,AMT,White,699488,16.6,,,1350.0,5,77419,3.4,Anjali Kaur,9861614695,BR36GU1273,Patna,Available,2026-01-20,2024-11-23,8,209846
VH0421,Ather,450X,2024,Electric Scooter,Electric,Automatic,Silver,200742,,143.0,42.5,,2,15814,9.5,Simran Chauhan,9564854683,TS60EC6198,Hyderabad,Available,2025-10-03,2022-04-01,0,197567
VH0086,Ola Electric,S1 Pro,2020,Electric Scooter,Electric,Automatic,Yellow,181062,,258.0,12.9,,2,89152,5.0,Gurpreet Pandey,9146914391,WB20FF3712,Kolkata,Available,2025-05-01,2024-06-28,4,106980
VH0999,Mahindra,Scorpio,2021,SUV,Petrol,Manual,Silver,1804968,21.3,,,1750.0,5,63917,6.4,Gurpreet Yadav,9703487252,MH62OK5265,Pune,Sold,2024-10-04,2024-02-16,3,1256407
VH0366,Mahindra,XUV300,2018,Compact SUV,CNG,DCT,Orange,1008908,32.9,,,1450.0,5,28869,6.0,Deepak Chauhan,9625288882,RJ74RH2416,Jaipur,Sold,2027-04-26,2024-08-27,6,495505
VH0023,Mahindra,KUV100,2016,Micro SUV,Petrol,Manual,Blue,759919,23.1,,,1150.0,5,113792,2.2,Rahul Gupta,9527849588,MH40ZH4652,Pune,Available,2024-05-22,2023-07-26,8,227975
VH0241,Hero,Passion Pro,2015,Motorcycle,Petrol,Manual,Brown,70181,16.2,,,300.0,2,57257,3.6,Deepak Mishra,9584392493,BR10SH5237,Patna,Sold,2025-10-09,2022-02-04,9,21054
VH0589,Skoda,Kushaq,2016,Compact SUV,Petrol,Manual,Brown,1186250,39.3,,,1300.0,5,4777,5.8,Sunita Pandey,9640480318,KA64XY9924,Bangalore,Available,2027-09-29,2023-08-17,8,421383
VH0737,Ather,450X,2018,Electric Scooter,Electric,Automatic,Blue,184047,,295.0,20.9,,2,80391,4.3,Suresh Rao,9835240767,KL65JK9690,Kochi,Available,2025-03-06,2022-11-13,6,80908
VH0762,MG,ZS EV,2024,Electric SUV,Electric,Automatic,Maroon,3215761,,234.0,6.2,,5,22210,9.3,Neha Yadav,9270456296,BR47RH9697,Patna,Available,2027-07-24,2023-04-09,0,3144338
VH0942,Toyota,Innova Crysta,2015,MPV,CNG,Manual,Green,2174129,33.7,,,1700.0,7,62581,3.4,Divya Menon,9791250747,BR68XA5286,Patna,Available,2026-10-17,2023-05-25,9,652238
VH0072,Honda,Jazz,2020,Hatchback,Petrol,Manual,Black,1181856,38.6,,,1050.0,5,46390,6.5,Manoj Dubey,9340781088,KA74QG3535,Bangalore,Sold,2027-02-13,2024-01-23,4,748835
VH0408,TVS,iQube Electric,2021,Electric Scooter,Electric,Automatic,White,141371,,109.0,18.6,,2,6035,8.3,Manoj Agarwal,9288962695,GJ18AI5551,Ahmedabad,Sold,2026-09-22,2022-02-10,3,106588
VH0260,Volkswagen,Virtus,2018,Sedan,Petrol,DCT,Maroon,1307252,33.8,,,1750.0,5,96940,3.8,Nisha Yadav,9931284997,BR72PI6024,Patna,Sold,2024-10-09,2022-09-01,6,553046
VH0052,Hero,HF Deluxe,2021,Motorcycle,Petrol,Manual,Silver,65083,38.6,,,200.0,2,37572,7.2,Anjali Chauhan,9386874458,MH36YZ7798,Mumbai,Sold,2025-09-03,2024-09-29,3,47017
VH0199,Hero,HF Deluxe,2017,Motorcycle,Petrol,Manual,Brown,65042,47.1,,,200.0,2,42410,5.1,Vikram Nair,9995616775,DL55CV8133,Delhi,Available,2024-05-17,2022-06-28,7,25860
VH0789,Bajaj,Pulsar NS200,2019,Motorcycle,Petrol,Manual,Yellow,164441,32.4,,,250.0,2,14173,7.0,Meera Joshi,9626633153,KL81NM8129,Kochi,Available,2025-10-20,2024-09-18,5,96333
VH0651,Volkswagen,Polo,2018,Hatchback,Petrol,CVT,Red,823834,30.2,,,1250.0,5,75006,4.5,Manpreet Shah,9113249027,GJ47IV5104,Ahmedabad,Available,2027-09-15,2023-10-20,6,366601
VH0333,TVS,Apache RTR 160,2016,Motorcycle,Petrol,Manual,Green,125493,28.4,,,450.0,2,104932,2.5,Ananya Rao,9535602000,RJ37YL3087,Jaipur,Sold,2024-08-07,2023-10-30,8,37647
VH0360,Maruti Suzuki,Celerio,2016,Hatchback,Petrol,Manual,Brown,515000,17.7,,,1300.0,5,36013,4.8,Simran Nair,9321362854,PB37NW8798,Amritsar,Available,2026-12-07,2024-07-11,8,166853
VH0594,Bajaj,Pulsar 150,2017,Motorcycle,Petrol,Manual,Gold,130325,40.0,,,350.0,2,106287,3.0,Vikram Agarwal,9363339926,RJ31UH5864,Jaipur,Sold,2026-02-13,2023-06-18,7,43491
VH0392,Kia,Sonet,2019,Compact SUV,Diesel,DCT,Green,854483,21.4,,,1150.0,5,50256,5.8,Kavya Rao,9294184632,MP91PL4033,Bhopal,Sold,2026-05-18,2023-03-15,5,469746
VH0801,Bajaj,Avenger 220,2018,Motorcycle,Petrol,Manual,Red,151848,39.1,,,350.0,2,84005,4.2,Ravi Yadav,9340346197,UP59PE8441,Noida,Available,2024-12-23,2024-03-06,6,66204
VH0315,Royal Enfield,Himalayan,2022,Adventure Motorcycle,Petrol,Manual,Black,272168,32.6,,,450.0,2,59403,7.0,Simran Rao,9197915848,MH12IK3686,Nagpur,Available,2027-07-22,2024-01-14,2,212453
VH0112,Ola Electric,S1 Air,2017,Electric Scooter,Electric,Automatic,Yellow,126866,,162.0,5.0,,2,27224,5.6,Anjali Tiwari,9262598077,HR15GA8225,Faridabad,Available,2026-04-20,2024-10-24,7,52367
VH0007,Tata,Tigor,2021,Sedan,Petrol,AMT,Silver,818283,53.8,,,1200.0,5,15121,8.0,Harpreet Menon,9925276600,HR93DV9797,Gurugram,Sold,2025-08-24,2024-06-09,3,609521
VH0327,Maruti Suzuki,Celerio,2023,Hatchback,Diesel,Automatic,Brown,673510,18.3,,,1200.0,5,27394,8.6,Rajesh Chauhan,9826619655,KL42EY2609,Kochi,Under Maintenance,2024-03-15,2024-07-29,1,601179
VH0427,Tata,Nexon,2018,Compact SUV,Diesel,AMT,Blue,1187545,15.7,,,1500.0,5,47560,5.4,Gurpreet Kumar,9835472281,TN16JP8083,Chennai,Sold,2027-09-24,2022-07-16,6,561043
VH0559,Kia,Carens,2021,MPV,Diesel,AMT,White,1311772,21.4,,,1850.0,7,96114,5.3,Neha Singh,9302786799,MP12PF8526,Indore,Available,2025-01-04,2023-08-01,3,870867
VH0294,Royal Enfield,Classic 350,2017,Motorcycle,Petrol,Manual,Gold,218054,36.5,,,500.0,2,43053,5.1,Rekha Yadav,9438395096,TS85FR8258,Hyderabad,Available,2026-01-31,2024-04-24,7,86555
VH0591,Royal Enfield,Bullet 350,2015,Motorcycle,Petrol,Manual,Green,194766,31.0,,,100.0,2,75497,3.0,Rajesh Shah,9440881854,CH20ZL9502,Chandigarh,Available,2026-05-30,2023-05-11,9,58429
VH0958,Ford,Figo,2018,Hatchback,Petrol,DCT,Yellow,754502,35.7,,,1100.0,5,49070,5.4,Arun Rao,9157338177,DL28HU7132,Delhi,Available,2026-07-13,2022-02-06,6,355317
VH0977,Bajaj,Pulsar NS200,2016,Motorcycle,Petrol,Manual,Green,156621,21.0,,,250.0,2,48477,4.4,Amit Mishra,9828799173,UP45KV3608,Noida,Sold,2024-01-31,2023-11-18,8,48791
VH0133,Ather,450 Plus,2019,Electric Scooter,Electric,Automatic,Blue,149068,,236.0,54.1,,2,62037,5.4,Kavya Rao,9962017778,KL34LQ9147,Kochi,Under Maintenance,2025-10-17,2023-02-21,5,80193
VH0986,Kia,Carens,2024,MPV,Petrol,CVT,Yellow,1485351,24.7,,,2350.0,8,75924,7.5,Neha Kaur,9517767751,RJ69YK8918,Jaipur,Available,2024-12-17,2024-04-06,0,1372577
VH0399,Ford,Aspire,2022,Sedan,Petrol,Manual,Gold,829619,36.8,,,1650.0,5,75060,6.5,Sanjay Mishra,9623400737,HR22PN3203,Faridabad,Sold,2027-10-14,2024-10-01,2,634608
VH0512,Tata,Tigor,2023,Sedan,Petrol,CVT,Grey,902571,21.0,,,1750.0,5,107241,5.9,Neha Chauhan,9218367418,RJ91EG8970,Jaipur,Available,2025-03-11,2023-01-16,1,733572
VH0437,Hero,HF Deluxe,2023,Motorcycle,Petrol,Manual,Orange,69663,51.3,,,350.0,2,55138,7.7,Vikas Kumar,9876309973,UK92VO3148,Dehradun,Sold,2027-10-10,2024-01-08,1,60248
VH0193,TVS,Jupiter,2017,Scooter,Petrol,Manual,Blue,86506,46.8,,,100.0,2,21590,5.8,Amit Kaur,9282649071,KL03KI2715,Kochi,Sold,2024-06-02,2022-07-10,7,36194
VH0436,Hyundai,Creta,2021,SUV,Petrol,CVT,Blue,1390715,25.0,,,2500.0,5,95685,5.3,Kavya Tiwari,9122341268,GJ61DP6681,Surat,Available,2025-01-28,2024-08-19,3,923872
VH0615,Volkswagen,Virtus,2018,Sedan,Diesel,Automatic,Silver,1210531,15.7,,,1650.0,5,112247,3.3,Rekha Shah,9611915355,UP01DF9245,Agra,Sold,2027-11-09,2023-05-04,6,493597
VH0494,Mahindra,XUV300,2018,Compact SUV,Petrol,Manual,Blue,1067394,17.0,,,1500.0,5,33347,5.9,Seema Gupta,9525925819,UP60MK7542,Agra,Available,2024-08-22,2022-10-07,6,519450
VH0577,Ford,Figo,2020,Hatchback,Petrol,AMT,Red,712091,43.2,,,1300.0,5,13267,7.6,Karthik Bhatt,9774083993,WB31GT2228,Kolkata,Under Maintenance,2024-01-31,2022-10-20,4,474774
VH0987,Renault,Triber,2020,MPV,Petrol,DCT,White,1081916,29.2,,,1650.0,7,51130,6.3,Rahul Dubey,9657202202,BR91ML6993,Patna,Available,2027-02-18,2023-10-27,4,680384
VH0433,MG,Gloster,2019,SUV,Petrol,Automatic,Black,3286235,21.8,,,2800.0,5,110874,3.8,Suresh Nair,9797652827,CH90GA4428,Chandigarh,Available,2027-07-06,2023-01-26,5,1607382
VH0707,Royal Enfield,Bullet 350,2017,Motorcycle,Petrol,Manual,Yellow,192782,35.2,,,150.0,2,21587,5.8,Divya Mishra,9962805514,MH11LV2661,Nagpur,Sold,2025-10-15,2022-09-21,7,80662
VH0259,Ola Electric,S1 Pro,2021,Electric Scooter,Electric,Automatic,Yellow,180165,,276.0,66.4,,2,70768,6.1,Divya Bhatt,9372336071,GJ47DE7980,Surat,Available,2026-05-17,2024-01-19,3,124175
VH0142,Bajaj,Avenger 220,2017,Motorcycle,Petrol,Manual,Maroon,146345,41.1,,,150.0,2,103246,3.1,Amit Menon,9265593497,UK38ZH2204,Dehradun,Available,2027-07-22,2022-11-12,7,49282
VH0358,Renault,Kwid,2018,Hatchback,Petrol,CVT,Blue,477601,54.3,,,1300.0,5,28448,6.1,Karthik Kaur,9998106748,WB42DV9943,Kolkata,Under Maintenance,2024-04-03,2022-12-22,6,234765
VH0003,Hero,Splendor Plus,2021,Motorcycle,Petrol,Manual,Brown,81087,26.0,,,350.0,2,10958,8.1,Manoj Patel,9930075810,PB25WC1750,Amritsar,Available,2025-04-21,2022-07-26,3,60737
VH0222,Hyundai,Venue,2016,Compact SUV,Petrol,DCT,Orange,890083,37.3,,,1350.0,5,95825,2.8,Arun Sharma,9834937767,RJ79MY6875,Jaipur,Sold,2024-09-24,2024-09-16,8,267024
VH0870,Mahindra,Scorpio,2018,SUV,Petrol,DCT,Yellow,1447482,20.6,,,2400.0,5,29463,6.0,Sunita Rao,9364347668,UP79IZ8966,Agra,Sold,2025-05-10,2024-07-30,6,710043
VH0623,Volkswagen,Vento,2018,Sedan,Petrol,DCT,Silver,1215521,25.9,,,1250.0,5,40086,5.7,Deepak Mishra,9205375617,MP46HZ7328,Indore,Sold,2027-05-07,2023-09-29,6,583345
VH0340,Ola Electric,S1 Air,2023,Electric Scooter,Electric,Automatic,White,155017,,198.0,30.7,,2,54349,7.7,Seema Patel,9864643763,RJ55TA9161,Jaipur,Available,2027-01-23,2024-01-22,1,134190
VH0770,Honda,CR-V,2016,SUV,Petrol,Manual,Orange,3132131,45.3,,,2050.0,5,46021,4.5,Rajesh Mishra,9871256936,PB87WT7911,Amritsar,Sold,2027-08-18,2024-06-20,8,983423
VH0537,Ola Electric,S1 Air,2024,Electric Scooter,Electric,Automatic,Orange,160935,,241.0,24.0,,2,103882,6.5,Neha Yadav,9965527175,KA07FK7382,Bangalore,Sold,2026-12-24,2024-04-04,0,144216
VH0484,Tata,Safari,2018,SUV,Petrol,Manual,White,1880611,15.6,,,1800.0,5,18570,6.4,Sanjay Menon,9304700754,TS26VK5096,Hyderabad,Sold,2027-01-17,2023-06-19,6,942994
VH0266,TVS,Jupiter,2020,Scooter,Petrol,Manual,Blue,104930,32.8,,,150.0,2,29385,7.0,Amit Mishra,9780389168,PB04PD5224,Amritsar,Sold,2027-10-18,2023-04-16,4,68269
VH0377,Volkswagen,Taigun,2017,Compact SUV,Diesel,DCT,Orange,1244173,20.7,,,1250.0,5,53526,4.7,Ravi Kumar,9230448918,TN48OR3663,Chennai,Under Maintenance,2026-10-19,2022-10-25,7,480840
VH0742,Skoda,Kushaq,2022,Compact SUV,Diesel,Manual,Green,1377612,22.1,,,1300.0,5,75569,6.5,Ravi Joshi,9570579379,TN20SJ4276,Chennai,Available,2027-01-24,2023-06-18,2,1053089
VH0014,Hero,HF Deluxe,2016,Motorcycle,Petrol,Manual,White,57186,49.3,,,500.0,2,63592,3.9,Amit Patel,9278575192,KA07UR1241,Bangalore,Available,2025-03-13,2024-04-01,8,17155
VH0440,Volkswagen,Vento,2023,Sedan,Petrol,Manual,Grey,1382241,52.0,,,1900.0,5,22395,8.8,Rajesh Agarwal,9145064341,MH97DD2669,Nagpur,Available,2027-07-14,2022-08-30,1,1240706
VH0272,Mahindra,Bolero,2017,MUV,Petrol,Automatic,Green,1267066,43.6,,,1850.0,8,18125,5.9,Suresh Sharma,9289630619,WB26EZ3450,Kolkata,Available,2027-07-15,2024-11-24,7,534543
VH0185,Hyundai,Verna,2019,Sedan,Petrol,AMT,Brown,1376676,33.6,,,1300.0,5,105641,4.0,Divya Chauhan,9367520363,GJ50EN4267,Ahmedabad,Sold,2027-01-18,2022-02-09,5,680572
VH0940,Ola Electric,S1 Air,2023,Electric Scooter,Electric,Automatic,Silver,137503,,196.0,47.3,,2,6922,9.3,Ananya Patel,9445358772,PB53EZ5414,Ludhiana,Available,2026-01-19,2023-09-28,1,125550
VH0245,Mahindra,KUV100,2024,Micro SUV,Petrol,DCT,Black,927600,36.5,,,1000.0,5,47310,8.4,Gurpreet Bhatt,9623116712,HR09ID4234,Gurugram,Under Maintenance,2024-09-19,2023-04-26,0,883715
VH0932,Ola Electric,S1 Air,2022,Electric Scooter,Electric,Automatic,Grey,133525,,252.0,44.9,,2,79966,6.3,Arun Pandey,9399762291,PB28ON3820,Amritsar,Available,2025-03-14,2022-02-11,2,101483
VH0446,Mahindra,Thar,2015,Off-Road SUV,Diesel,DCT,Orange,1642641,15.1,,,2200.0,5,99663,2.2,Pooja Chauhan,9480612862,MP15XB7110,Bhopal,Available,2027-08-26,2022-09-13,9,492792
VH0597,Maruti Suzuki,Dzire,2024,Sedan,Petrol,Manual,Green,870326,28.1,,,1750.0,5,16437,9.5,Neha Chauhan,9896390906,MP79TR1082,Indore,Available,2025-01-29,2022-03-02,0,856020
VH0818,Skoda,Superb,2023,Sedan,CNG,Automatic,Yellow,5262967,33.2,,,1550.0,5,65239,7.3,Sanjay Singh,9169420993,MP01UV5123,Bhopal,Available,2025-12-05,2022-05-04,1,4498578
VH0273,Ford,Aspire,2019,Sedan,CNG,DCT,Green,872518,25.5,,,1350.0,5,34548,6.3,Suresh Rao,9583027931,HR21BG5166,Faridabad,Sold,2026-01-09,2024-01-08,5,493367
VH0677,Volkswagen,Polo,2016,Hatchback,Petrol,DCT,Blue,818984,45.3,,,1100.0,5,109482,2.4,Sunita Bhatt,9951069250,CH02XR3487,Chandigarh,Available,2027-05-25,2023-10-02,8,245695
VH0487,Toyota,Glanza,2015,Hatchback,Petrol,CVT,Silver,686817,31.2,,,1300.0,5,103438,2.1,Sanjay Kaur,9730238228,WB98YW9808,Kolkata,Available,2024-03-06,2022-10-12,9,206045
VH0681,Volkswagen,Virtus,2019,Sedan,CNG,Automatic,Maroon,1182305,31.9,,,1850.0,5,31398,6.5,Ravi Dubey,9436098559,CH35WG9007,Chandigarh,Under Maintenance,2025-10-21,2024-08-02,5,672260
VH0416,Toyota,Glanza,2017,Hatchback,Petrol,CVT,Orange,804319,22.1,,,1100.0,5,82633,3.7,Rahul Sharma,9699717002,MH24MM4677,Pune,Sold,2025-04-13,2022-07-02,7,287437
VH0274,Ather,450 Plus,2020,Electric Scooter,Electric,Automatic,Black,144076,,131.0,30.4,,2,67404,5.8,Neha Kumar,9481295430,HR78GS9821,Gurugram,Available,2026-09-25,2024-07-04,4,88260
VH0472,Maruti Suzuki,Celerio,2023,Hatchback,CNG,DCT,Orange,655269,26.0,,,1250.0,5,34091,8.4,Vikas Bhatt,9235271742,HR09SZ4172,Faridabad,Sold,2025-12-28,2024-05-12,1,580508
VH0830,Hero,Passion Pro,2018,Motorcycle,Petrol,Manual,Green,87959,32.6,,,200.0,2,19079,6.4,Priya Kaur,9693323022,PB17KA3030,Amritsar,Available,2025-10-07,2024-02-08,6,44060
VH0455,TVS,Apache RTR 160,2016,Motorcycle,Petrol,Manual,White,129603,35.8,,,100.0,2,77687,3.4,Amit Agarwal,9751605405,GJ27HW8278,Ahmedabad,Available,2024-04-02,2024-10-03,8,38880
VH0251,Kia,Carens,2020,MPV,Petrol,AMT,Blue,1432493,50.1,,,1350.0,8,23286,7.2,Rajesh Menon,9721300772,KA91QU5480,Bangalore,Available,2026-02-10,2024-02-15,4,940738
VH0414,Royal Enfield,Classic 350,2017,Motorcycle,Petrol,Manual,Gold,214583,34.8,,,350.0,2,84594,3.7,Kavya Sharma,9918164904,GJ78XR6353,Surat,Available,2025-01-11,2024-06-27,7,76264
VH0386,MG,Hector,2019,SUV,CNG,DCT,Gold,1680856,25.8,,,1800.0,5,90280,4.5,Ravi Kaur,9439528365,UP24YD3738,Noida,Sold,2025-09-08,2023-07-10,5,856765
VH0308,Skoda,Octavia,2022,Sedan,Petrol,Automatic,Blue,4288329,19.7,,,1500.0,5,101431,5.6,Rekha Nair,9561778017,TN40WW9582,Chennai,Under Maintenance,2024-10-24,2022-11-20,2,3167226
VH0716,Hero,Xtreme 160R,2024,Motorcycle,Petrol,Manual,Green,173118,30.0,,,500.0,2,97830,6.7,Rajesh Pandey,9262971060,CH44KK6674,Chandigarh,Available,2026-10-18,2023-03-08,0,156181
VH0311,TVS,Ntorq 125,2017,Scooter,Petrol,Manual,Grey,104332,34.1,,,100.0,2,29670,5.5,Harpreet Sharma,9389758574,RJ25HB7694,Jaipur,Under Maintenance,2027-10-06,2023-02-20,7,42810
VH0927,Kia,Sonet,2020,Compact SUV,Petrol,Manual,Black,927515,51.6,,,1300.0,5,31525,6.9,Vikas Gupta,9200376561,KA36US8370,Bangalore,Available,2027-06-06,2022-09-01,4,601470
VH0382,Royal Enfield,Thunderbird 350,2017,Motorcycle,Petrol,Manual,Brown,225424,38.5,,,200.0,2,1367,6.5,Amit Bhatt,9911871283,UP39PQ6495,Lucknow,Available,2026-04-18,2023-07-14,7,98878
VH0566,Royal Enfield,Himalayan,2017,Adventure Motorcycle,Petrol,Manual,Brown,232572,54.8,,,450.0,2,44207,5.0,Suresh Tiwari,9746116751,WB46KP7944,Kolkata,Sold,2024-10-10,2023-05-19,7,92050
VH0426,Hyundai,Grand i10,2020,Hatchback,Petrol,Automatic,Brown,632310,16.0,,,1300.0,5,33944,6.9,Ravi Shah,9509515396,KL42ZB2158,Kochi,Available,2024-12-30,2023-05-07,4,408507
VH0875,Mahindra,XUV700,2018,SUV,Petrol,DCT,Black,1841887,47.2,,,2850.0,5,72959,4.6,Amit Singh,9199188814,DL49LB4745,Delhi,Sold,2024-04-12,2023-05-28,6,823399
VH0533,MG,ZS EV,2016,Electric SUV,Electric,Automatic,Black,2377852,,111.0,21.3,,5,36858,4.8,Arun Agarwal,9331971150,UP19JG3198,Lucknow,Available,2024-09-20,2024-05-14,8,768383
VH0753,Toyota,Yaris,2022,Sedan,Petrol,Manual,Blue,1314965,22.6,,,1650.0,5,97751,5.7,Neha Singh,9656842161,MH80NF7868,Pune,Under Maintenance,2027-10-01,2023-01-07,2,976031
VH0766,Maruti Suzuki,Baleno,2023,Hatchback,CNG,DCT,White,842370,31.3,,,1150.0,5,115873,5.6,Ravi Shah,9587873317,PB85OJ3045,Ludhiana,Available,2025-11-30,2023-07-12,1,677372
VH0357,Maruti Suzuki,Celerio,2024,Hatchback,Petrol,Automatic,Orange,739896,19.4,,,900.0,5,8883,9.7,Kavya Shah,9283276335,UP07JZ2594,Noida,Sold,2024-08-05,2022-08-22,0,733323
VH0409,Tata,Tiago,2024,Hatchback,CNG,Manual,Red,853563,29.1,,,1050.0,5,16312,9.5,Arjun Rao,9713077996,HR85CM3302,Gurugram,Sold,2026-12-04,2024-12-11,0,839639
VH0615,Volkswagen,Virtus,2018,Sedan,Diesel,Automatic,Silver,1210531,15.7,,,1650.0,5,112247,3.3,Rekha Shah,9611915355,UP01DF9245,Agra,Sold,2027-11-09,2023-05-04,6,493597
VH0695,Maruti Suzuki,Vitara Brezza,2019,Compact SUV,Petrol,CVT,White,982600,33.1,,,1050.0,5,82632,4.7,Neha Joshi,9299349714,PB60CD2483,Amritsar,Available,2024-02-11,2022-12-13,5,508365
VH0739,Skoda,Octavia,2020,Sedan,CNG,AMT,Grey,4096860,30.6,,,1850.0,5,3053,7.9,Rohit Nair,9590581599,CH98MB7697,Chandigarh,Sold,2027-12-13,2023-02-19,4,2773357
VH0549,Hyundai,Tucson,2018,SUV,Diesel,AMT,Brown,2998485,14.6,,,2850.0,5,63309,4.9,Simran Patel,9338129347,DL49NQ6020,Delhi,Available,2024-05-05,2024-11-10,6,1369381
VH0937,Kia,EV6,2016,Electric SUV,Electric,Automatic,Gold,6233861,,328.0,45.4,,5,88603,3.0,Gurpreet Nair,9479392520,MH08ZU1423,Pune,Available,2024-08-23,2024-10-29,8,1870158
VH0390,TVS,iQube Electric,2015,Electric Scooter,Electric,Automatic,Black,105087,,108.0,65.5,,2,88001,2.6,Rekha Menon,9146473159,MP76BP2948,Bhopal,Available,2024-01-22,2022-07-17,9,31526
VH0608,Mahindra,XUV700,2024,SUV,Petrol,Manual,Blue,2051384,49.3,,,2700.0,5,87173,7.1,Ananya Chauhan,9358260082,PB53UO3004,Amritsar,Available,2026-09-30,2023-07-29,0,1872558
VH0940,Ola Electric,S1 Air,2023,Electric Scooter,Electric,Automatic,Silver,137503,,196.0,47.3,,2,6922,9.3,Ananya Patel,9445358772,PB53EZ5414,Ludhiana,Available,2026-01-19,2023-09-28,1,125550
VH0482,Bajaj,Pulsar NS200,2020,Motorcycle,Petrol,Manual,Orange,168051,17.5,,,150.0,2,44589,6.5,Nisha Verma,9599561727,KL57QL4771,Kochi,Available,2026-05-22,2024-07-12,4,106781
VH0183,Bajaj,Dominar 400,2016,Motorcycle,Petrol,Manual,White,245136,24.6,,,150.0,2,109205,2.4,Manpreet Nair,9198761306,CH09GU8265,Chandigarh,Under Maintenance,2025-11-10,2022-09-08,8,73540
VH0941,Bajaj,Pulsar 150,2023,Motorcycle,Petrol,Manual,Silver,152252,39.6,,,100.0,2,101735,6.1,Arun Yadav,9944522875,GJ27HN8537,Surat,Under Maintenance,2027-07-02,2024-12-12,1,124582
VH0161,Volkswagen,Polo,2017,Hatchback,Petrol,Manual,Yellow,889904,49.5,,,900.0,5,51972,4.8,Rajesh Patel,9917626034,HR17HE6277,Faridabad,Sold,2026-09-29,2022-10-19,7,345307
VH0171,Ola Electric,S1 Air,2021,Electric Scooter,Electric,Automatic,Brown,142718,,121.0,53.4,,2,106414,5.0,Sanjay Joshi,9649009234,BR79EI2369,Patna,Under Maintenance,2024-11-14,2023-11-01,3,93278
VH0293,Kia,Carens,2016,MPV,Petrol,Automatic,Maroon,1161959,21.8,,,2100.0,7,47418,4.4,Gurpreet Rao,9922790554,PB81FR7802,Amritsar,Sold,2027-10-13,2024-07-28,8,363207
VH0562,Tata,Harrier,2017,SUV,Petrol,DCT,Green,1750621,47.4,,,1950.0,5,3279,6.4,Ravi Menon,9773757807,TS62EH1915,Hyderabad,Available,2024-04-01,2022-07-30,7,764532
VH0457,Mahindra,Thar,2024,Off-Road SUV,Diesel,CVT,Yellow,2072993,21.3,,,2200.0,5,7299,9.8,Pooja Mishra,9988780552,KA41EN6311,Bangalore,Sold,2025-02-18,2023-05-06,0,2057862
VH0877,Mahindra,XUV300,2023,Compact SUV,Petrol,AMT,Maroon,1355681,23.7,,,1150.0,5,61125,7.5,Pooja Singh,9673328017,UK92CC2663,Dehradun,Available,2027-02-07,2024-01-26,1,1164360
VH0652,Mahindra,Scorpio,2022,SUV,Petrol,AMT,Black,1651501,15.5,,,2050.0,5,80496,6.3,Priya Bhatt,9185412831,MP82RG7694,Indore,Available,2027-02-03,2023-10-06,2,1254321
VH0850,Bajaj,Dominar 400,2018,Motorcycle,Petrol,Manual,Brown,251077,39.4,,,450.0,2,34025,5.9,Priya Dubey,9443202087,UP79SB9050,Noida,Available,2027-12-05,2024-08-27,6,122017
VH0273,Ford,Aspire,2019,Sedan,CNG,DCT,Green,872518,25.5,,,1350.0,5,34548,6.3,Suresh Rao,9583027931,HR21BG5166,Faridabad,Sold,2026-01-09,2024-01-08,5,493367
VH0550,Hyundai,Tucson,2016,SUV,CNG,CVT,Red,2927028,28.5,,,2150.0,5,28284,5.1,Rahul Verma,9809132123,PB41BF1669,Ludhiana,Sold,2025-08-07,2024-08-24,8,970942
VH0035,Renault,Kwid,2015,Hatchback,Petrol,Automatic,Yellow,382353,14.8,,,900.0,5,101018,2.1,Nisha Gupta,9599326438,PB17PV2874,Ludhiana,Sold,2026-01-25,2022-12-10,9,114705
VH0744,Hero,Passion Pro,2020,Motorcycle,Petrol,Manual,White,86023,53.8,,,300.0,2,64247,5.9,Sunita Tiwari,9558843089,GJ78XA3298,Ahmedabad,Available,2024-04-08,2024-12-18,4,52968
VH0372,Renault,Duster,2020,SUV,CNG,DCT,Orange,1313475,27.8,,,1600.0,5,89407,5.0,Ananya Rao,9604834590,MH45OP9215,Pune,Sold,2026-12-27,2023-08-22,4,775729
VH0670,Tata,Harrier,2015,SUV,Petrol,Manual,Green,1512486,39.1,,,2600.0,5,84086,2.7,Arun Mishra,9777559423,RJ05NW5310,Jaipur,Available,2025-12-15,2024-09-18,9,453745
VH0722,Ford,Endeavour,2017,SUV,Petrol,AMT,Maroon,3717912,53.0,,,1500.0,5,21652,5.8,Ravi Chauhan,9307266073,UP77ZU7378,Agra,Sold,2026-07-26,2024-01-26,7,1555381
VH0734,Hero,Splendor Plus,2022,Motorcycle,Petrol,Manual,Yellow,85615,36.2,,,250.0,2,58517,7.0,Nisha Tiwari,9219747878,UK63JS1157,Dehradun,Sold,2027-08-09,2023-02-03,2,66906
VH0778,MG,Astor,2018,SUV,CNG,DCT,Green,1212624,34.6,,,1700.0,5,103289,3.6,Nisha Nair,9203746446,TS90HZ9819,Hyderabad,Under Maintenance,2026-11-05,2024-09-01,6,505313
VH0519,Honda,Jazz,2023,Hatchback,Diesel,Automatic,Gold,1138217,21.8,,,1300.0,5,29385,8.5,Neha Kaur,9511769051,HR12DN1478,Faridabad,Sold,2025-06-11,2024-09-02,1,1013713
VH0335,Renault,Triber,2016,MPV,Petrol,AMT,Orange,831471,38.4,,,1800.0,7,101601,2.6,Arun Rao,9836059336,MH23JM2140,Nagpur,Sold,2026-02-15,2023-11-02,8,249441
VH0846,Toyota,Camry,2020,Sedan,Petrol,Automatic,Green,5795267,37.5,,,1500.0,5,75927,5.5,Ananya Agarwal,9145073984,HR51CN2833,Faridabad,Available,2024-01-09,2023-06-06,4,3500764
VH0252,Tata,Safari,2021,SUV,Diesel,DCT,Grey,2216491,22.6,,,2050.0,5,10604,8.1,Vikas Nair,9572337634,MP62TA9222,Indore,Available,2026-11-19,2023-07-30,3,1661029
VH0053,Hero,Xtreme 160R,2020,Motorcycle,Petrol,Manual,Maroon,152854,45.3,,,400.0,2,54341,6.2,Nisha Mishra,9350785761,MH42GW4912,Nagpur,Sold,2024-03-30,2023-10-14,4,95634
VH0924,Maruti Suzuki,Dzire,2015,Sedan,CNG,DCT,Gold,676974,28.4,,,1950.0,5,36143,4.3,Gurpreet Tiwari,9369689276,UP24DX6019,Lucknow,Sold,2027-04-15,2023-02-13,9,203092
VH0016,Ford,EcoSport,2015,Compact SUV,Petrol,AMT,Yellow,959987,49.0,,,1100.0,5,53423,3.7,Arun Joshi,9825003955,DL66CF2122,Delhi,Sold,2024-09-02,2023-05-20,9,287996
VH0708,Ola Electric,S1 Air,2022,Electric Scooter,Electric,Automatic,Blue,129829,,267.0,78.8,,2,79619,6.3,Deepak Menon,9896786236,WB55YB5963,Kolkata,Sold,2026-07-11,2024-10-25,2,98719
VH0901,Hyundai,Grand i10,2024,Hatchback,Petrol,CVT,Blue,760702,45.0,,,800.0,5,80291,7.3,Suresh Tiwari,9597725586,KL43AN2028,Kochi,Under Maintenance,2027-03-17,2023-04-18,0,699624
VH0980,Ather,450 Plus,2024,Electric Scooter,Electric,Automatic,Red,185465,,164.0,42.8,,2,9153,9.7,Seema Shah,9649976609,KL83EJ6533,Kochi,Available,2027-08-18,2022-06-22,0,183767
VH0573,Volkswagen,Polo,2016,Hatchback,Petrol,CVT,Green,802287,48.7,,,800.0,5,119734,2.0,Amit Gupta,9741142796,PB37FR2744,Ludhiana,Available,2025-09-25,2023-01-20,8,240686
VH0904,Ather,450 Plus,2016,Electric Scooter,Electric,Automatic,Orange,145196,,336.0,81.1,,2,10943,5.6,Divya Gupta,9115259323,BR93KF9930,Patna,Sold,2025-11-04,2023-05-18,8,50681
VH0466,Mahindra,Thar,2024,Off-Road SUV,Diesel,Automatic,White,2294102,13.7,,,2450.0,4,81038,7.3,Seema Sharma,9844087852,MP94ZI4143,Bhopal,Sold,2025-06-01,2024-07-18,0,2108192
VH0978,Hero,Splendor Plus,2019,Motorcycle,Petrol,Manual,Green,80622,20.2,,,150.0,2,60363,5.5,Nisha Nair,9451535068,MP84YF2191,Bhopal,Available,2027-05-01,2022-03-22,5,43506
VH0200,Ather,450 Plus,2023,Electric Scooter,Electric,Automatic,Black,167945,,170.0,43.8,,2,19924,8.8,Manpreet Tiwari,9220816186,CH90TS9561,Chandigarh,Available,2027-03-06,2022-07-25,1,151163
VH0207,Skoda,Octavia,2021,Sedan,Petrol,CVT,Red,4351369,22.9,,,1650.0,5,110519,4.8,Rahul Chauhan,9811198748,HR67TM2676,Gurugram,Under Maintenance,2026-02-05,2023-08-02,3,2826131
VH0056,Hyundai,i20,2018,Hatchback,CNG,Automatic,Blue,850282,29.3,,,850.0,5,104852,3.5,Simran Kumar,9131081879,UP91DO3725,Noida,Available,2024-04-24,2023-08-24,6,352992
VH0132,Ather,450X,2022,Electric Scooter,Electric,Automatic,Grey,189987,,332.0,29.0,,2,92744,5.9,Gurpreet Dubey,9360482447,CH28GX2922,Chandigarh,Sold,2025-02-22,2024-03-23,2,141968
VH0380,Volkswagen,Vento,2015,Sedan,Petrol,DCT,Brown,1072901,41.8,,,1300.0,5,119571,1.5,Arun Shah,9649278898,MP51GP6206,Bhopal,Under Maintenance,2027-09-27,2024-01-10,9,321870
VH0999,Mahindra,Scorpio,2021,SUV,Petrol,Manual,Silver,1804968,21.3,,,1750.0,5,63917,6.4,Gurpreet Yadav,9703487252,MH62OK5265,Pune,Sold,2024-10-04,2024-02-16,3,1256407
VH0728,Skoda,Superb,2022,Sedan,CNG,Automatic,Blue,5395824,32.0,,,1400.0,5,77076,6.4,Rahul Gupta,9726238846,UK38MI4734,Dehradun,Available,2024-01-25,2023-06-16,2,4116603
VH0772,MG,Astor,2020,SUV,Diesel,CVT,Blue,1320371,12.6,,,2200.0,5,85472,5.2,Vikram Agarwal,9927649755,HR82IY3631,Faridabad,Sold,2025-10-21,2024-04-01,4,784997
VH0910,Tata,Punch,2016,Micro SUV,Petrol,DCT,Grey,796422,18.8,,,900.0,5,109974,2.3,Sunita Shah,9970621341,MP64RR6582,Indore,Available,2027-07-30,2023-10-12,8,238926
VH0822,Mahindra,XUV700,2016,SUV,Petrol,AMT,Brown,1672339,25.1,,,1800.0,5,64271,3.9,Rajesh Agarwal,9398145460,CH64MF5972,Chandigarh,Available,2027-05-27,2024-10-19,8,501701
VH0568,MG,Hector,2018,SUV,Petrol,CVT,Grey,1600155,53.3,,,2950.0,5,72786,4.6,Sanjay Pandey,9254769407,KA08LL3283,Bangalore,Sold,2026-05-12,2023-05-12,6,715611
VH0044,Honda,CR-V,2021,SUV,Petrol,DCT,Gold,4215338,23.3,,,2300.0,5,97504,5.2,Sanjay Bhatt,9766823010,WB58OJ8025,Kolkata,Available,2024-07-22,2023-03-02,3,2792644
VH0275,Bajaj,Dominar 400,2022,Motorcycle,Petrol,Manual,Gold,304323,19.9,,,200.0,2,30412,8.0,Seema Joshi,9184945787,UP44NU7631,Noida,Available,2025-10-04,2023-10-11,2,246376
VH0097,Hyundai,i20,2021,Hatchback,CNG,DCT,Brown,950115,31.8,,,800.0,5,85062,5.7,Priya Nair,9172191273,TN78VZ8179,Chennai,Available,2026-01-20,2024-01-12,3,641268
VH0102,Toyota,Camry,2024,Sedan,Diesel,Automatic,Red,6106972,23.8,,,1250.0,5,68512,7.7,Neha Kaur,9861639583,KA67EJ3697,Bangalore,Available,2025-08-04,2022-06-11,0,5688571
VH0232,Ather,450 Plus,2016,Electric Scooter,Electric,Automatic,Silver,142898,,243.0,40.7,,2,14455,5.5,Sanjay Tiwari,9967910655,PB86WN9747,Amritsar,Available,2024-02-21,2024-02-20,8,49377
VH0722,Ford,Endeavour,2017,SUV,Petrol,AMT,Maroon,3717912,53.0,,,1500.0,5,21652,5.8,Ravi Chauhan,9307266073,UP77ZU7378,Agra,Sold,2026-07-26,2024-01-26,7,1555381
VH0833,Bajaj,Pulsar NS200,2023,Motorcycle,Petrol,Manual,Orange,204436,47.4,,,450.0,2,3675,9.4,Arjun Verma,9792304249,RJ15YI4725,Jaipur,Sold,2024-04-17,2023-04-07,1,187329
VH0108,MG,Gloster,2020,SUV,Petrol,AMT,Silver,3345150,37.0,,,2050.0,5,82189,5.3,Kavya Agarwal,9400347789,BR37CM9261,Patna,Sold,2027-10-25,2022-09-01,4,1999767
VH0618,MG,Astor,2022,SUV,CNG,CVT,Brown,1411625,33.3,,,1950.0,5,84359,6.2,Sunita Menon,9836355132,HR43QY8935,Faridabad,Available,2024-02-12,2022-10-30,2,1066681
VH0498,Maruti Suzuki,Swift,2020,Hatchback,Diesel,Manual,Yellow,714018,23.5,,,1300.0,5,74169,5.5,Ananya Rao,9975769961,RJ93FB7810,Jaipur,Available,2027-07-07,2023-01-24,4,432574
VH0981,MG,Gloster,2023,SUV,Petrol,AMT,Orange,4329220,44.8,,,1550.0,5,53145,7.7,Rekha Singh,9352630965,HR84OC6848,Faridabad,Sold,2026-07-05,2024-03-10,1,3752806
VH0882,Toyota,Yaris,2019,Sedan,Petrol,Automatic,Gold,1096915,50.9,,,1900.0,5,7230,7.3,Rohit Gupta,9597463844,GJ63MO8621,Ahmedabad,Available,2025-05-17,2022-10-26,5,650218
VH0757,Tata,Nexon EV,2021,Electric SUV,Electric,Automatic,Silver,1926094,,257.0,10.9,,5,68251,6.2,Anjali Pandey,9817642177,PB33FX5933,Ludhiana,Available,2027-03-28,2023-07-01,3,1332373
VH0620,Mahindra,XUV300,2020,Compact SUV,CNG,AMT,Red,1169693,34.5,,,1200.0,5,57314,6.1,Simran Kaur,9995684903,KL25BS9520,Kochi,Sold,2026-07-20,2023-12-12,4,728351
VH0107,Maruti Suzuki,Baleno,2021,Hatchback,Petrol,AMT,Maroon,922463,22.8,,,1050.0,5,56982,6.6,Sanjay Agarwal,9108780419,DL07JP8710,Delhi,Sold,2024-10-01,2023-06-26,3,648508
VH0936,Ford,Aspire,2017,Sedan,CNG,CVT,Black,699596,32.7,,,1200.0,5,106402,3.0,Amit Kaur,9277085723,HR89AZ1497,Gurugram,Sold,2027-07-28,2022-06-16,7,233383
VH0810,MG,Hector,2017,SUV,Diesel,DCT,Yellow,1472716,17.1,,,1700.0,5,105268,3.0,Sanjay Joshi,9480868948,KA86GU6254,Bangalore,Sold,2026-10-10,2022-02-02,7,492965
VH0038,Ather,450 Plus,2022,Electric Scooter,Electric,Automatic,Orange,166134,,287.0,49.6,,2,50174,7.3,Arjun Pandey,9711871397,TS32CI8385,Hyderabad,Sold,2025-11-19,2022-02-28,2,131216
VH0073,Volkswagen,Vento,2021,Sedan,Petrol,DCT,Silver,1277749,40.4,,,1200.0,5,45041,7.0,Neha Menon,9854517058,UK85WI1474,Dehradun,Sold,2025-12-19,2022-01-13,3,913538
VH0284,Hyundai,Alcazar,2016,SUV,Diesel,Manual,Orange,1610703,17.1,,,2350.0,5,94174,2.9,Rajesh Sharma,9230955221,MP24GI7251,Indore,Under Maintenance,2025-05-24,2024-02-28,8,483210
VH0272,Mahindra,Bolero,2017,MUV,Petrol,Automatic,Green,1267066,43.6,,,1850.0,8,18125,5.9,Suresh Sharma,9289630619,WB26EZ3450,Kolkata,Available,2027-07-15,2024-11-24,7,534543
VH0335,Renault,Triber,2016,MPV,Petrol,AMT,Orange,831471,38.4,,,1800.0,7,101601,2.6,Arun Rao,9836059336,MH23JM2140,Nagpur,Sold,2026-02-15,2023-11-02,8,249441
VH0459,Honda,Amaze,2023,Sedan,Diesel,CVT,White,971578,17.8,,,2000.0,5,119971,5.5,Manpreet Patel,9677174482,UP19LR3755,Lucknow,Under Maintenance,2027-02-10,2024-07-14,1,777290
VH0482,Bajaj,Pulsar NS200,2020,Motorcycle,Petrol,Manual,Orange,168051,17.5,,,150.0,2,44589,6.5,Nisha Verma,9599561727,KL57QL4771,Kochi,Available,2026-05-22,2024-07-12,4,106781
VH0069,Royal Enfield,Classic 350,2022,Motorcycle,Petrol,Manual,Yellow,254930,32.2,,,150.0,2,93843,5.9,Pooja Shah,9779760958,TS78EC3067,Hyderabad,Available,2025-10-27,2024-02-20,2,190217
VH0507,Ford,Endeavour,2022,SUV,Diesel,Automatic,Red,4582633,12.1,,,2850.0,5,49408,7.4,Meera Tiwari,9523751880,MP94XL9051,Bhopal,Under Maintenance,2026-02-25,2024-09-29,2,3622992
VH0238,Renault,Triber,2020,MPV,CNG,CVT,White,992300,34.5,,,2250.0,8,84682,5.2,Manoj Yadav,9578531560,BR97UA2879,Patna,Available,2027-06-10,2023-05-15,4,590734
VH0862,Ola Electric,S1 Air,2022,Electric Scooter,Electric,Automatic,Red,149129,,210.0,50.2,,2,37309,7.8,Harpreet Verma,9496770295,GJ09RC3384,Surat,Available,2026-08-09,2023-12-01,2,119704
VH0990,Kia,EV6,2022,Electric SUV,Electric,Automatic,Red,8071768,,343.0,44.2,,5,20119,8.3,Rahul Shah,9385351632,PB55OK1750,Ludhiana,Under Maintenance,2027-11-28,2022-08-12,2,6617889
VH0477,Skoda,Superb,2018,Sedan,Petrol,CVT,Black,4157004,15.2,,,1500.0,5,3317,6.9,Anjali Agarwal,9364102119,KL23HI3855,Kochi,Available,2024-12-26,2023-06-21,6,2147853
VH0867,Honda,Jazz,2023,Hatchback,Petrol,Manual,Yellow,1107190,47.3,,,1000.0,5,7183,9.3,Ananya Bhatt,9551501133,MP59RS5539,Indore,Available,2026-05-25,2024-09-29,1,1010661
VH0456,Ford,Aspire,2017,Sedan,Petrol,Manual,Brown,812500,27.0,,,1600.0,5,12247,6.1,Sanjay Nair,9296139268,MH15DR3755,Mumbai,Available,2024-11-11,2023-09-21,7,347549
VH0312,Tata,Punch,2022,Micro SUV,Petrol,AMT,Gold,1002062,49.5,,,950.0,5,97816,5.7,Gurpreet Kaur,9523216102,GJ52YB7232,Surat,Sold,2027-03-17,2024-12-11,2,743714
VH0963,Ather,450X,2019,Electric Scooter,Electric,Automatic,Yellow,192213,,329.0,29.9,,2,103270,4.1,Anjali Sharma,9689755049,GJ85DE8113,Surat,Sold,2024-10-28,2024-04-11,5,95477
VH0406,TVS,Jupiter,2022,Scooter,Petrol,Manual,Brown,99146,40.2,,,150.0,2,20222,8.3,Vikram Yadav,9596591297,PB94UB9556,Amritsar,Available,2027-11-04,2023-09-07,2,81277
VH0331,Bajaj,Pulsar NS200,2024,Motorcycle,Petrol,Manual,Black,213060,39.8,,,450.0,2,99556,6.7,Simran Agarwal,9184337702,UK46JK4246,Dehradun,Under Maintenance,2026-08-11,2022-09-27,0,191848
VH0650,Ford,Aspire,2021,Sedan,Petrol,Manual,Red,885006,53.1,,,1650.0,5,31724,7.4,Pooja Singh,9509408129,BR60NS9501,Patna,Available,2024-09-27,2022-02-01,3,644528
VH0310,Kia,Seltos,2017,SUV,Diesel,Manual,Green,1198910,20.0,,,1900.0,5,102713,3.1,Arjun Sharma,9485753927,UK73TH4804,Dehradun,Available,2026-09-03,2022-10-02,7,404376
VH0227,Hero,Passion Pro,2023,Motorcycle,Petrol,Manual,Blue,104755,38.6,,,350.0,2,105346,6.0,Rahul Kaur,9481327572,HR58DD4633,Faridabad,Sold,2025-08-20,2024-12-05,1,85339
VH0858,Royal Enfield,Classic 350,2023,Motorcycle,Petrol,Manual,Yellow,232530,22.3,,,300.0,2,15278,9.0,Rohit Verma,9647818813,TN96WM1183,Chennai,Sold,2026-12-10,2023-06-29,1,210375
VH0711,Skoda,Octavia,2021,Sedan,Petrol,AMT,Brown,4246402,40.1,,,1350.0,5,17022,7.9,Arjun Singh,9190244626,MH94BR7491,Pune,Available,2024-10-23,2024-10-07,3,3154983
VH0944,Skoda,Superb,2019,Sedan,Diesel,Manual,White,4471516,17.5,,,1400.0,5,33510,6.4,Vikram Rao,9432414395,MH93XQ8059,Pune,Under Maintenance,2024-06-17,2024-08-04,5,2533069
VH0384,TVS,Apache RTR 160,2019,Motorcycle,Petrol,Manual,Red,138516,34.2,,,250.0,2,63478,5.4,Amit Shah,9900544937,CH16YI9078,Chandigarh,Available,2027-03-04,2024-06-12,5,74316
VH0786,MG,ZS EV,2022,Electric SUV,Electric,Automatic,Black,2948763,,325.0,63.9,,5,106301,5.5,Rekha Agarwal,9952172487,MP20OA1635,Bhopal,Under Maintenance,2025-09-30,2023-08-20,2,2163504
VH0149,Royal Enfield,Thunderbird 350,2016,Motorcycle,Petrol,Manual,Black,202968,38.5,,,400.0,2,70873,3.6,Priya Yadav,9853374076,BR65WN9907,Patna,Sold,2027-05-01,2022-06-24,8,60890
VH0555,Tata,Punch,2022,Micro SUV,Petrol,AMT,Red,980399,30.0,,,1000.0,5,66536,6.8,Nisha Sharma,9948950616,UP24AF4568,Lucknow,Available,2027-12-20,2024-12-11,2,758303
VH0957,TVS,iQube Electric,2023,Electric Scooter,Electric,Automatic,Grey,150419,,136.0,51.9,,2,1149,9.5,Sunita Patel,9426424160,MP34JX1660,Bhopal,Sold,2026-12-16,2024-07-05,1,138212
VH0926,Tata,Nexon EV,2024,Electric SUV,Electric,Automatic,Grey,2352836,,159.0,35.2,,5,72401,7.6,Gurpreet Joshi,9210182184,DL27ON9765,Delhi,Sold,2026-06-22,2022-10-05,0,2182488
VH0943,Kia,EV6,2018,Electric SUV,Electric,Automatic,Yellow,6821457,,116.0,34.3,,5,95656,3.8,Simran Mishra,9764726382,PB20VC3318,Ludhiana,Sold,2024-12-15,2024-12-04,6,2894644
VH0837,Ola Electric,S1 Air,2018,Electric Scooter,Electric,Automatic,Gold,117442,,110.0,33.3,,2,47808,5.4,Rajesh Gupta,9737006108,KA96GG5892,Bangalore,Sold,2026-08-07,2022-04-22,6,55455
VH0576,Toyota,Yaris,2022,Sedan,Petrol,Manual,Silver,1397129,23.5,,,1500.0,5,69088,6.7,Ananya Chauhan,9882457827,HR84EY3638,Gurugram,Sold,2025-11-30,2024-07-05,2,1077063
VH0558,Maruti Suzuki,Ertiga,2018,MPV,CNG,Automatic,Red,1027906,25.2,,,2350.0,7,58458,5.1,Seema Shah,9691500536,UP96WM5216,Agra,Available,2025-03-27,2023-10-27,6,474421
VH0236,Ola Electric,S1 Pro,2021,Electric Scooter,Electric,Automatic,Yellow,160981,,171.0,46.7,,2,5735,8.3,Anjali Pandey,9862023079,TN21SI1092,Chennai,Under Maintenance,2024-11-10,2023-10-23,3,121422
VH0361,Renault,Triber,2024,MPV,Petrol,DCT,Grey,1100974,34.5,,,1400.0,8,81623,7.3,Vikram Rao,9669296859,MH54AR4860,Pune,Under Maintenance,2026-01-11,2024-11-05,0,1011109
VH0348,Ford,Endeavour,2020,SUV,Petrol,Manual,Yellow,4122773,48.1,,,1500.0,5,25807,7.1,Rohit Patel,9878731965,GJ13QD8306,Surat,Available,2024-03-10,2022-02-18,4,2697089
VH0162,Volkswagen,Virtus,2021,Sedan,Petrol,Manual,Gold,1410448,50.1,,,1300.0,5,114389,4.7,Kavya Dubey,9451424185,WB66XI7046,Kolkata,Available,2024-07-09,2024-07-27,3,910600
VH0443,Hero,Passion Pro,2015,Motorcycle,Petrol,Manual,Yellow,74974,45.6,,,500.0,2,100008,2.2,Harpreet Singh,9566081562,MH11KK7580,Mumbai,Available,2024-03-16,2022-11-06,9,22492
VH0287,Toyota,Glanza,2016,Hatchback,Diesel,Automatic,Green,735269,20.9,,,1050.0,5,64442,3.9,Simran Agarwal,9949830412,UP08BL3521,Noida,Available,2025-04-21,2023-10-11,8,220580
VH0605,Ather,450X,2020,Electric Scooter,Electric,Automatic,Yellow,192707,,117.0,39.9,,2,102030,4.6,Harpreet Yadav,9529866466,GJ93JI6196,Surat,Available,2025-10-03,2024-10-08,4,111378
VH0058,Volkswagen,Virtus,2019,Sedan,Petrol,AMT,Brown,1380909,41.8,,,1450.0,5,111295,3.8,Divya Tiwari,9841218491,MH57LS5901,Mumbai,Available,2025-09-10,2023-02-12,5,674857
VH0599,TVS,iQube Electric,2023,Electric Scooter,Electric,Automatic,Grey,158317,,336.0,17.8,,2,77515,6.9,Meera Rao,9726687538,RJ26VW5605,Jaipur,Sold,2025-09-30,2022-12-06,1,133379
VH0933,Bajaj,Dominar 400,2021,Motorcycle,Petrol,Manual,Brown,302044,33.1,,,150.0,2,70432,6.2,Vikas Verma,9346679107,PB15ZW3077,Amritsar,Sold,2024-08-19,2024-09-08,3,208279
VH0462,Volkswagen,Virtus,2019,Sedan,Diesel,CVT,Green,1252385,18.0,,,1700.0,5,88672,4.5,Arun Dubey,9104594803,CH89EU1033,Chandigarh,Under Maintenance,2024-12-21,2024-04-26,5,640379
VH0638,Kia,Sonet,2024,Compact SUV,Petrol,DCT,Black,1069916,39.4,,,1400.0,5,103049,6.6,Seema Joshi,9711122760,TN09ON7162,Chennai,Available,2026-11-25,2023-09-03,0,959662
VH0588,MG,Gloster,2023,SUV,CNG,Manual,Gold,4303501,29.6,,,2050.0,5,90749,6.5,Deepak Mishra,9406046409,RJ71TF9892,Jaipur,Sold,2027-10-25,2024-06-14,1,3568682
VH0041,Hero,Passion Pro,2019,Motorcycle,Petrol,Manual,Yellow,83976,18.9,,,250.0,2,95472,4.3,Vikram Gupta,9893070706,TS16XR4033,Hyderabad,Available,2027-04-22,2024-12-10,5,42368
VH0231,Ola Electric,S1 Air,2023,Electric Scooter,Electric,Automatic,Green,156079,,282.0,61.1,,2,88629,6.5,Arun Kumar,9837243267,BR81GG4435,Patna,Available,2024-09-28,2022-12-31,1,129759
VH0807,Ford,Figo,2018,Hatchback,Diesel,Automatic,Silver,699138,12.9,,,1250.0,5,105663,3.5,Simran Singh,9411107084,TS75OP6547,Hyderabad,Available,2027-02-24,2022-11-24,6,289678
VH0905,Maruti Suzuki,Baleno,2017,Hatchback,CNG,Automatic,Black,762558,31.7,,,1100.0,5,41065,5.1,Rohit Rao,9921512026,RJ55GX3685,Jaipur,Under Maintenance,2027-01-15,2022-05-21,7,304211
VH0680,Toyota,Yaris,2016,Sedan,Petrol,DCT,Orange,988484,49.5,,,1950.0,5,74770,3.5,Arun Dubey,9662002554,PB32CE7605,Amritsar,Sold,2025-04-21,2022-05-01,8,296545
VH0205,Honda,Elevate,2015,SUV,Diesel,CVT,Brown,1007981,17.8,,,3000.0,5,12347,5.1,Neha Menon,9904190892,MP76RL6640,Indore,Sold,2025-08-06,2022-02-26,9,302394
VH0768,TVS,iQube Electric,2021,Electric Scooter,Electric,Automatic,Black,126878,,126.0,71.3,,2,110115,4.8,Divya Chauhan,9453078170,GJ93XI5123,Ahmedabad,Available,2025-05-29,2024-01-01,3,82456
VH0610,Kia,EV6,2021,Electric SUV,Electric,Automatic,Silver,7096459,,126.0,29.6,,5,20684,7.8,Harpreet Kumar,9860759357,PB98QQ6134,Amritsar,Available,2026-10-30,2022-08-05,3,5246525
VH0993,Skoda,Slavia,2017,Sedan,Petrol,CVT,Green,1202062,54.3,,,1600.0,5,80932,3.8,Rohit Kaur,9945687419,BR81KX7913,Patna,Sold,2025-08-12,2022-12-31,7,431621
VH0565,Skoda,Octavia,2020,Sedan,Petrol,CVT,Black,4556673,41.1,,,1600.0,5,59049,6.0,Harpreet Nair,9443872264,HR10ZA3435,Faridabad,Available,2026-09-06,2022-05-18,4,2829470
VH0423,Kia,Sonet,2015,Compact SUV,Diesel,Automatic,Blue,741164,15.4,,,1350.0,5,15244,5.0,Rohit Agarwal,9620979010,GJ15PB8233,Surat,Available,2024-10-30,2022-09-11,9,222349
VH0011,Hero,Splendor Plus,2018,Motorcycle,Petrol,Manual,Green,75298,27.9,,,500.0,2,4617,6.8,Simran Verma,9345824373,PB76HA2163,Ludhiana,Available,2025-11-07,2022-05-26,6,38807
VH0494,Mahindra,XUV300,2018,Compact SUV,Petrol,Manual,Blue,1067394,17.0,,,1500.0,5,33347,5.9,Seema Gupta,9525925819,UP60MK7542,Agra,Available,2024-08-22,2022-10-07,6,519450
VH0321,Ola Electric,S1 Pro,2022,Electric Scooter,Electric,Automatic,Green,188219,,254.0,76.7,,2,46880,7.4,Pooja Chauhan,9717554752,HR37NT6185,Faridabad,Under Maintenance,2024-09-22,2024-10-13,2,149280
VH0278,Renault,Triber,2019,MPV,Petrol,Automatic,Yellow,930419,48.4,,,1300.0,7,18209,6.9,Seema Agarwal,9392502766,HR46KP8654,Gurugram,Available,2027-11-29,2022-12-29,5,541309
VH0847,Mahindra,KUV100,2018,Micro SUV,CNG,AMT,Gold,716700,32.3,,,1050.0,5,90651,4.0,Arjun Bhatt,9477027645,BR51QV7435,Patna,Sold,2024-08-05,2023-04-08,6,307714
VH0359,Tata,Nexon EV,2019,Electric SUV,Electric,Automatic,Silver,1754704,,206.0,15.9,,5,104184,4.0,Rekha Bhatt,9143700111,MH71FO4991,Pune,Available,2027-07-18,2024-02-10,5,870010
VH0111,MG,Astor,2016,SUV,Petrol,DCT,Silver,1115837,50.8,,,2850.0,5,7231,5.8,Pooja Bhatt,9720230209,HR81AT8775,Faridabad,Available,2027-04-10,2024-09-10,8,393632
VH0237,Hyundai,Tucson,2022,SUV,Petrol,DCT,Blue,3654298,46.1,,,2000.0,5,70890,6.6,Manpreet Chauhan,9271122762,MP29FQ2117,Bhopal,Available,2026-04-06,2022-07-08,2,2810557
VH0552,MG,ZS EV,2019,Electric SUV,Electric,Automatic,Black,2444320,,198.0,9.4,,5,25787,6.6,Priya Bhatt,9802608498,KA17UX2971,Bangalore,Sold,2027-12-14,2024-07-01,5,1403560
VH0868,Honda,Jazz,2021,Hatchback,Petrol,CVT,Grey,1050714,21.4,,,1050.0,5,13068,8.1,Ravi Agarwal,9388207655,DL06CI2760,Delhi,Available,2027-11-07,2024-05-16,3,784811
VH0813,Bajaj,Dominar 400,2020,Motorcycle,Petrol,Manual,Orange,293820,49.0,,,400.0,2,37415,6.8,Gurpreet Menon,9693116357,GJ91KE6672,Surat,Available,2025-06-30,2022-06-20,4,188804
VH0209,Ford,Endeavour,2015,SUV,Petrol,CVT,Green,3190099,31.2,,,2100.0,5,103378,2.1,Anjali Patel,9836928463,UP05SW4111,Agra,Available,2026-09-01,2024-01-05,9,957029
VH0387,MG,Hector,2023,SUV,Petrol,CVT,Green,1974027,14.5,,,2300.0,5,66479,7.3,Anjali Singh,9209970339,KL48YP7750,Kochi,Available,2025-03-28,2023-01-21,1,1684873
VH0561,Bajaj,Pulsar 150,2016,Motorcycle,Petrol,Manual,Maroon,122268,45.3,,,100.0,2,1731,5.9,Karthik Shah,9114492185,TN32YC5385,Chennai,Sold,2024-08-05,2023-11-25,8,43804
VH0059,TVS,Apache RTR 160,2018,Motorcycle,Petrol,Manual,Red,132873,28.7,,,300.0,2,102514,3.6,Pooja Sharma,9707661655,HR38AV7484,Faridabad,Sold,2024-04-10,2024-10-14,6,55472
VH0632,Hero,Splendor Plus,2020,Motorcycle,Petrol,Manual,Green,91837,33.2,,,450.0,2,93066,4.9,Seema Chauhan,9326323450,GJ02FL9202,Ahmedabad,Available,2026-12-11,2024-03-10,4,53902
VH0962,Royal Enfield,Classic 350,2022,Motorcycle,Petrol,Manual,Gold,231357,22.9,,,500.0,2,118271,5.1,Anjali Shah,9488481638,UP30QT4610,Agra,Sold,2026-12-01,2022-10-11,2,166977
VH0860,Ather,450X,2017,Electric Scooter,Electric,Automatic,White,174108,,319.0,43.0,,2,30036,5.5,Arjun Tiwari,9771758113,MH62QC3698,Mumbai,Available,2025-06-21,2024-04-12,7,71378
VH0817,Mahindra,Bolero,2015,MUV,Petrol,Automatic,Gold,1204889,24.8,,,2350.0,7,30347,4.5,Vikram Singh,9445106468,HR16WY2241,Faridabad,Sold,2024-11-28,2024-03-19,9,361466
VH0364,Honda,WR-V,2018,Compact SUV,Petrol,Automatic,Brown,1120173,49.7,,,1300.0,5,80379,4.3,Priya Tiwari,9255629507,PB10PS8936,Ludhiana,Available,2026-07-20,2022-12-31,6,492451
VH0506,Royal Enfield,Bullet 350,2022,Motorcycle,Petrol,Manual,Black,212789,29.6,,,150.0,2,37622,7.7,Pooja Mishra,9597841726,KL77RE3878,Kochi,Available,2026-02-07,2024-09-11,2,170737
VH0166,Hero,Splendor Plus,2015,Motorcycle,Petrol,Manual,Red,73164,47.5,,,400.0,2,14026,5.0,Meera Joshi,9884651200,HR17PC4751,Faridabad,Sold,2025-10-03,2024-01-23,9,21949
VH0122,Toyota,Urban Cruiser,2017,Compact SUV,Petrol,DCT,Black,959609,42.8,,,1350.0,5,59056,4.5,Manoj Shah,9945432844,BR86GY5054,Patna,Available,2026-12-17,2024-01-11,7,365557
VH0630,Hero,Splendor Plus,2021,Motorcycle,Petrol,Manual,Yellow,82140,14.9,,,200.0,2,38515,7.2,Gurpreet Agarwal,9315125290,UP85HF9380,Agra,Available,2025-08-15,2022-07-24,3,59262
VH0217,Honda,Jazz,2022,Hatchback,Petrol,Manual,Brown,1173324,33.5,,,900.0,5,68697,6.7,Sanjay Tiwari,9810456933,UP89VU1152,Lucknow,Available,2025-07-06,2022-10-08,2,904988
VH0152,MG,Gloster,2016,SUV,Petrol,AMT,Blue,3049499,26.3,,,2750.0,5,23365,5.2,Manoj Singh,9895094534,HR15AK2791,Faridabad,Available,2027-02-04,2022-11-24,8,1026568
VH0125,Hyundai,i20,2022,Hatchback,Petrol,CVT,Gold,915698,45.5,,,1300.0,5,87242,6.1,Kavya Mishra,9503346325,UP83NL7266,Agra,Available,2027-01-09,2022-09-30,2,689298
VH0595,Hyundai,Tucson,2016,SUV,Diesel,Manual,Blue,3121287,19.5,,,1650.0,5,12660,5.6,Karthik Kumar,9381314639,KA59TD2754,Bangalore,Sold,2024-06-07,2024-10-09,8,1084147
VH0119,Ather,450 Plus,2017,Electric Scooter,Electric,Automatic,Yellow,150675,,219.0,24.2,,2,97049,3.3,Divya Menon,9871588919,KA43FX8518,Bangalore,Available,2025-11-21,2023-08-28,7,51674
VH0250,Toyota,Urban Cruiser,2017,Compact SUV,Diesel,DCT,Gold,1060226,20.6,,,1100.0,5,48922,4.9,Arjun Dubey,9348839570,UP94PL1662,Agra,Available,2025-04-24,2022-03-29,7,414631
VH0994,Toyota,Glanza,2024,Hatchback,Petrol,Manual,Black,1015055,31.6,,,1050.0,5,77351,7.4,Karthik Kumar,9499972692,CH18AB1702,Chandigarh,Sold,2027-08-18,2023-04-21,0,936539
VH0523,Renault,Kiger,2022,Compact SUV,Diesel,DCT,Maroon,932170,21.7,,,1000.0,5,28772,8.0,Pooja Bhatt,9613552190,UK41JQ3022,Dehradun,Sold,2026-10-10,2023-08-20,2,756202
VH0514,TVS,Apache RTR 160,2015,Motorcycle,Petrol,Manual,Orange,111718,44.8,,,100.0,2,79534,2.8,Vikram Chauhan,9950174327,HR75ZB2586,Gurugram,Available,2026-12-01,2023-06-29,9,33515
VH0082,Kia,Carnival,2024,MPV,Petrol,DCT,Yellow,3349140,16.5,,,1450.0,8,58095,8.1,Priya Patel,9859803019,HR11QU3827,Faridabad,Available,2026-12-09,2024-12-06,0,3154571
VH0916,Royal Enfield,Classic 350,2023,Motorcycle,Petrol,Manual,Blue,270240,37.6,,,250.0,2,108637,5.9,Vikram Shah,9816059404,MP71HB8040,Indore,Available,2026-12-16,2023-08-23,1,219262
VH0019,Ather,450 Plus,2016,Electric Scooter,Electric,Automatic,Green,147233,,134.0,23.5,,2,27185,5.1,Sanjay Shah,9326161867,KA96RE5462,Bangalore,Sold,2027-11-08,2023-06-25,8,49001
VH0381,Toyota,Yaris,2021,Sedan,CNG,AMT,Silver,1224015,27.8,,,1750.0,5,105840,5.0,Gurpreet Pandey,9896209276,KL58RC4533,Kochi,Under Maintenance,2026-06-25,2023-08-15,3,800701
VH0030,Renault,Kwid,2022,Hatchback,Diesel,AMT,Red,532563,24.8,,,1250.0,5,97972,5.7,Deepak Agarwal,9578796089,TS97OT9270,Hyderabad,Sold,2026-08-30,2024-07-10,2,395176
VH0689,TVS,Ntorq 125,2019,Scooter,Petrol,Manual,Gold,111807,27.0,,,100.0,2,64737,5.3,Simran Nair,9569486359,UK28FU5550,Dehradun,Available,2027-11-24,2023-05-29,5,59846
VH0085,Royal Enfield,Meteor 350,2020,Motorcycle,Petrol,Manual,Green,243746,26.7,,,250.0,2,103800,4.5,Karthik Nair,9182855381,TS99PG4711,Hyderabad,Available,2024-07-26,2024-11-05,4,140446
VH0678,Royal Enfield,Meteor 350,2015,Motorcycle,Petrol,Manual,Orange,214365,32.8,,,150.0,2,53758,3.7,Sanjay Tiwari,9199924985,GJ84SP7169,Ahmedabad,Available,2027-02-22,2023-07-25,9,64309
VH0330,Ford,Figo,2017,Hatchback,CNG,DCT,Brown,666364,25.7,,,1250.0,5,50779,4.8,Rahul Dubey,9825308245,TS70OB3131,Hyderabad,Available,2024-04-20,2022-06-26,7,259362
VH0007,Tata,Tigor,2021,Sedan,Petrol,AMT,Silver,818283,53.8,,,1200.0,5,15121,8.0,Harpreet Menon,9925276600,HR93DV9797,Gurugram,Sold,2025-08-24,2024-06-09,3,609521
VH0746,Mahindra,Bolero,2016,MUV,Petrol,AMT,Green,1178097,54.7,,,1600.0,8,75895,3.5,Divya Kaur,9178410847,GJ60OX3493,Ahmedabad,Available,2025-11-26,2024-07-18,8,353429
VH0554,Tata,Altroz,2021,Hatchback,Petrol,DCT,Green,856261,20.8,,,1000.0,5,65384,6.3,Manpreet Gupta,9895336885,HR17JB1996,Faridabad,Sold,2027-11-03,2024-12-26,3,594772
VH0915,Ather,450X,2016,Electric Scooter,Electric,Automatic,Grey,157997,,147.0,54.1,,2,22699,5.2,Suresh Gupta,9882487908,PB90DU1275,Amritsar,Sold,2027-10-29,2024-11-09,8,53292
VH0874,Renault,Kwid,2022,Hatchback,Petrol,AMT,Orange,523723,28.7,,,800.0,5,35774,7.8,Amit Tiwari,9373724419,MP56XO7949,Indore,Available,2026-01-20,2023-06-17,2,421191
VH0452,Skoda,Octavia,2018,Sedan,Diesel,AMT,Silver,3607871,19.1,,,1300.0,5,62789,4.9,Nisha Pandey,9462734944,DL54PS6074,Delhi,Sold,2027-05-25,2022-09-29,6,1649558
VH0491,Hero,Passion Pro,2018,Motorcycle,Petrol,Manual,Red,77392,19.9,,,150.0,2,76014,4.5,Anjali Bhatt,9627162809,WB78ZH9615,Kolkata,Available,2024-03-21,2022-07-06,6,34360
VH0481,MG,Gloster,2022,SUV,Petrol,CVT,Brown,3934516,40.2,,,2750.0,5,52391,7.3,Vikas Gupta,9585417273,PB84BG4596,Amritsar,Sold,2025-03-23,2023-09-19,2,3098860
VH0288,MG,Gloster,2018,SUV,Petrol,AMT,Maroon,3307819,19.5,,,2900.0,5,71753,4.6,Ravi Dubey,9303770248,DL63WO5828,Delhi,Available,2025-12-13,2023-10-25,6,1482719
VH0949,Hyundai,Verna,2018,Sedan,Petrol,Manual,Orange,1273342,22.1,,,1500.0,5,11492,6.6,Priya Tiwari,9137320548,TN52UK4698,Chennai,Sold,2027-06-07,2024-10-31,6,647504
VH0986,Kia,Carens,2024,MPV,Petrol,CVT,Yellow,1485351,24.7,,,2350.0,8,75924,7.5,Neha Kaur,9517767751,RJ69YK8918,Jaipur,Available,2024-12-17,2024-04-06,0,1372577
VH0369,Skoda,Slavia,2022,Sedan,Petrol,DCT,Brown,1301547,32.6,,,1400.0,5,113272,5.2,Divya Pandey,9855809082,HR52FZ7068,Faridabad,Sold,2027-07-08,2022-05-25,2,945870
VH0147,Ford,Endeavour,2022,SUV,CNG,Automatic,Yellow,4619465,34.7,,,1950.0,5,52002,7.3,Anjali Mishra,9400969989,UP89UP4971,Agra,Sold,2026-01-17,2022-08-22,2,3640129
VH0706,Maruti Suzuki,WagonR,2016,Hatchback,Diesel,Automatic,Red,588218,12.6,,,1000.0,5,89009,3.0,Deepak Nair,9405977902,GJ12KM3947,Surat,Available,2026-09-11,2022-03-13,8,176465
VH0727,Hero,Passion Pro,2022,Motorcycle,Petrol,Manual,Yellow,100408,37.3,,,100.0,2,38670,7.7,Arjun Yadav,9705095857,TN19QJ1425,Chennai,Available,2025-09-20,2022-11-21,2,80459
VH0702,Volkswagen,Virtus,2024,Sedan,Petrol,Automatic,Blue,1514246,51.8,,,2000.0,5,12348,9.6,Manoj Kaur,9946719967,UP73YE3128,Lucknow,Under Maintenance,2025-09-25,2022-10-17,0,1495548
VH0629,Honda,CR-V,2016,SUV,Diesel,Automatic,Yellow,3123824,12.3,,,2300.0,5,110826,2.3,Meera Dubey,9297615674,MH51BD5913,Nagpur,Sold,2027-01-24,2023-06-18,8,937147
VH0600,TVS,iQube Electric,2022,Electric Scooter,Electric,Automatic,Orange,140275,,291.0,24.1,,2,118188,5.1,Deepak Gupta,9708964125,TS80DT7275,Hyderabad,Available,2027-07-19,2022-05-12,2,101252
VH0539,MG,Gloster,2023,SUV,CNG,CVT,Silver,4322224,30.2,,,2600.0,5,10552,9.1,Deepak Kaur,9196787722,PB40UC6007,Ludhiana,Sold,2025-05-06,2022-07-11,1,3930837
VH0406,TVS,Jupiter,2022,Scooter,Petrol,Manual,Brown,99146,40.2,,,150.0,2,20222,8.3,Vikram Yadav,9596591297,PB94UB9556,Amritsar,Available,2027-11-04,2023-09-07,2,81277
VH0651,Volkswagen,Polo,2018,Hatchback,Petrol,CVT,Red,823834,30.2,,,1250.0,5,75006,4.5,Manpreet Shah,9113249027,GJ47IV5104,Ahmedabad,Available,2027-09-15,2023-10-20,6,366601
VH0328,Ola Electric,S1 Pro,2015,Electric Scooter,Electric,Automatic,Gold,136636,,111.0,57.1,,2,41457,4.1,Sunita Chauhan,9922679709,UK12KO1755,Dehradun,Sold,2024-02-16,2023-10-02,9,40990
VH0443,Hero,Passion Pro,2015,Motorcycle,Petrol,Manual,Yellow,74974,45.6,,,500.0,2,100008,2.2,Harpreet Singh,9566081562,MH11KK7580,Mumbai,Available,2024-03-16,2022-11-06,9,22492
VH0775,Tata,Harrier,2016,SUV,Petrol,DCT,Blue,1692047,41.2,,,2850.0,5,14082,5.5,Rohit Mishra,9242842323,GJ19WK9729,Ahmedabad,Under Maintenance,2025-08-24,2022-06-18,8,585309
VH0088,Toyota,Glanza,2015,Hatchback,Petrol,CVT,Orange,713872,18.2,,,1200.0,5,57840,3.6,Pooja Pandey,9651208305,KA37CY3626,Bangalore,Available,2024-07-06,2023-03-31,9,214161
VH0221,MG,Gloster,2024,SUV,CNG,Manual,Silver,4027253,28.4,,,1650.0,5,116646,6.1,Simran Dubey,9958885115,WB52OI7319,Kolkata,Available,2024-12-07,2022-08-20,0,3557490
VH0636,MG,Hector,2017,SUV,CNG,Manual,Green,1581205,28.8,,,2500.0,5,26870,5.6,Suresh Pandey,9828908586,PB72GG5136,Amritsar,Available,2024-11-27,2024-06-07,7,653243
VH0178,Maruti Suzuki,WagonR,2019,Hatchback,Petrol,Automatic,Maroon,659582,23.8,,,1150.0,5,117885,3.6,Priya Patel,9658087211,DL19WI2524,Delhi,Available,2026-02-01,2024-07-27,5,317994
VH0323,Hyundai,Alcazar,2020,SUV,Petrol,Automatic,Brown,1770304,22.2,,,1950.0,5,90393,5.0,Ravi Kaur,9923594990,GJ09JJ9301,Ahmedabad,Available,2025-11-13,2023-12-01,4,1043783
VH0705,Toyota,Urban Cruiser,2020,Compact SUV,CNG,AMT,Green,1109644,30.3,,,1250.0,5,48882,6.4,Arjun Shah,9291297872,MP86XS1440,Indore,Sold,2026-01-11,2023-11-28,4,700316
VH0087,Skoda,Superb,2018,Sedan,Petrol,Automatic,Grey,4371154,47.2,,,1950.0,5,69635,4.7,Kavya Kumar,9935504321,UP48VS8218,Lucknow,Available,2026-05-07,2022-11-28,6,1968614
VH0884,Ford,Endeavour,2019,SUV,Petrol,Automatic,Blue,3529378,18.2,,,2650.0,5,3664,7.4,Ananya Gupta,9777181597,HR72IB1404,Faridabad,Available,2026-07-07,2024-04-06,5,2104695
VH0948,Ola Electric,S1 Air,2024,Electric Scooter,Electric,Automatic,Green,146116,,281.0,12.2,,2,69471,7.7,Amit Rao,9863758499,UP29ZE2674,Agra,Available,2026-08-13,2022-09-11,0,135965
VH0458,Renault,Kiger,2023,Compact SUV,Petrol,AMT,Green,1079975,25.0,,,1250.0,5,116650,5.6,Rahul Tiwari,9780259788,MH71NC8932,Nagpur,Available,2024-02-08,2023-07-06,1,867597
VH0829,Maruti Suzuki,Vitara Brezza,2019,Compact SUV,Diesel,Automatic,Red,1016123,12.4,,,1500.0,5,58714,5.5,Kavya Mishra,9696210575,GJ11LO3418,Surat,Available,2025-10-05,2022-08-09,5,550013
VH0055,Maruti Suzuki,Dzire,2021,Sedan,Diesel,Manual,Green,847001,24.6,,,1700.0,5,50308,6.8,Seema Kaur,9824085842,UK89MU2315,Dehradun,Sold,2025-10-10,2024-09-26,3,601109
VH0502,Renault,Kiger,2018,Compact SUV,Petrol,Manual,Blue,781860,29.4,,,1200.0,5,43582,5.5,Arjun Shah,9576447381,UP20MG1621,Lucknow,Sold,2024-10-01,2023-07-24,6,372492
VH0644,Kia,Carnival,2021,MPV,Petrol,Automatic,Black,3100733,38.1,,,1650.0,8,94849,5.3,Nisha Verma,9960890866,UP97ZZ9785,Agra,Available,2025-05-26,2022-04-27,3,2062455
VH0678,Royal Enfield,Meteor 350,2015,Motorcycle,Petrol,Manual,Orange,214365,32.8,,,150.0,2,53758,3.7,Sanjay Tiwari,9199924985,GJ84SP7169,Ahmedabad,Available,2027-02-22,2023-07-25,9,64309
VH0222,Hyundai,Venue,2016,Compact SUV,Petrol,DCT,Orange,890083,37.3,,,1350.0,5,95825,2.8,Arun Sharma,9834937767,RJ79MY6875,Jaipur,Sold,2024-09-24,2024-09-16,8,267024
VH0114,TVS,Jupiter,2018,Scooter,Petrol,Manual,Black,86931,26.2,,,150.0,2,104755,3.5,Anjali Dubey,9474524558,KL91GW9011,Kochi,Available,2025-07-14,2023-08-13,6,36097
VH0983,TVS,Jupiter,2017,Scooter,Petrol,Manual,Blue,84466,37.6,,,150.0,2,24910,5.7,Anjali Chauhan,9100702897,UP05ZU9718,Agra,Available,2027-10-29,2023-05-02,7,35060
VH0229,Royal Enfield,Classic 350,2024,Motorcycle,Petrol,Manual,Green,243459,50.6,,,450.0,2,57229,8.1,Rahul Chauhan,9890503688,HR76QE9172,Gurugram,Available,2027-04-13,2024-09-16,0,229526
VH1000,Hyundai,Alcazar,2017,SUV,Petrol,Manual,Black,1748679,45.8,,,2550.0,5,114405,2.7,Gurpreet Rao,9521438906,UP59MV4950,Agra,Available,2025-01-07,2024-06-19,7,569361
VH0175,Hyundai,Creta,2018,SUV,Petrol,AMT,Black,1214155,51.7,,,1750.0,5,94909,3.8,Arjun Kaur,9366570563,DL71ZW7870,Delhi,Available,2025-10-17,2023-07-10,6,516126
VH0782,MG,Hector,2016,SUV,Petrol,Manual,Black,1478362,43.9,,,2650.0,5,65377,3.8,Rajesh Singh,9131662023,UP32TY3938,Lucknow,Sold,2024-09-01,2023-11-11,8,443508
VH0590,Kia,Sonet,2022,Compact SUV,Petrol,AMT,Red,963184,49.1,,,1050.0,5,37672,7.7,Rahul Yadav,9939876620,MH60NU7484,Pune,Available,2025-07-02,2023-06-26,2,772789
VH0560,Skoda,Slavia,2017,Sedan,Petrol,DCT,Brown,1133129,19.9,,,1850.0,5,106405,3.0,Gurpreet Chauhan,9247415405,PB59UM2642,Ludhiana,Sold,2024-01-25,2022-07-24,7,378006
VH0019,Ather,450 Plus,2016,Electric Scooter,Electric,Automatic,Green,147233,,134.0,23.5,,2,27185,5.1,Sanjay Shah,9326161867,KA96RE5462,Bangalore,Sold,2027-11-08,2023-06-25,8,49001
VH0424,Tata,Harrier,2019,SUV,Diesel,Automatic,Gold,1835680,22.7,,,2400.0,5,10570,7.1,Ananya Bhatt,9293884326,HR75GS1067,Gurugram,Available,2025-05-19,2024-10-17,5,1082004
VH0344,Volkswagen,Taigun,2019,Compact SUV,Petrol,Manual,Black,1312605,51.3,,,1100.0,5,69625,5.2,Pooja Patel,9620677295,HR58LZ3873,Gurugram,Available,2024-03-08,2023-12-04,5,696172
VH0286,Skoda,Slavia,2020,Sedan,Petrol,Automatic,Maroon,1445649,23.7,,,1850.0,5,1670,7.9,Nisha Rao,9524995927,TS02FZ5523,Hyderabad,Sold,2024-03-27,2024-08-31,4,980627
VH0584,Volkswagen,Virtus,2016,Sedan,CNG,AMT,Green,1231895,30.2,,,1600.0,5,55432,4.2,Harpreet Kumar,9276666270,RJ07CN6603,Jaipur,Available,2026-09-13,2024-08-31,8,375195
VH0429,Ola Electric,S1 Air,2022,Electric Scooter,Electric,Automatic,Silver,146679,,265.0,57.1,,2,119409,5.0,Amit Kumar,9602746506,TN64QU9596,Chennai,Available,2026-09-05,2023-09-08,2,105695
VH0510,Tata,Tigor,2021,Sedan,Petrol,Manual,Maroon,816749,21.7,,,1850.0,5,77318,5.9,Ananya Agarwal,9807044021,RJ55IW5951,Jaipur,Sold,2025-09-22,2024-04-22,3,557579
VH0319,Skoda,Octavia,2016,Sedan,Petrol,Manual,Blue,3621990,21.3,,,1650.0,5,12706,5.6,Kavya Bhatt,9486749612,UK85WW3906,Dehradun,Under Maintenance,2025-09-04,2023-10-24,8,1257895
VH0670,Tata,Harrier,2015,SUV,Petrol,Manual,Green,1512486,39.1,,,2600.0,5,84086,2.7,Arun Mishra,9777559423,RJ05NW5310,Jaipur,Available,2025-12-15,2024-09-18,9,453745
VH0032,Royal Enfield,Thunderbird 350,2020,Motorcycle,Petrol,Manual,Brown,238134,31.0,,,250.0,2,46605,6.4,Seema Bhatt,9508431021,GJ50YS1320,Surat,Available,2025-09-03,2024-03-09,4,150832
VH0941,Bajaj,Pulsar 150,2023,Motorcycle,Petrol,Manual,Silver,152252,39.6,,,100.0,2,101735,6.1,Arun Yadav,9944522875,GJ27HN8537,Surat,Under Maintenance,2027-07-02,2024-12-12,1,124582
VH0723,Renault,Triber,2022,MPV,Diesel,CVT,Silver,1026938,12.8,,,1300.0,7,15069,8.5,Arjun Singh,9595431160,PB60OH8268,Amritsar,Available,2027-05-22,2023-11-10,2,847152
VH0995,Renault,Triber,2016,MPV,CNG,CVT,Green,824297,25.1,,,1800.0,8,40249,4.7,Ravi Singh,9832286490,DL67GU7974,Delhi,Available,2025-08-05,2024-11-30,8,263569
VH0215,Tata,Nexon,2019,Compact SUV,CNG,AMT,Grey,1219171,31.0,,,1250.0,5,106931,3.9,Rohit Gupta,9277042316,GJ88EK9031,Surat,Under Maintenance,2026-04-06,2022-02-09,5,601135
VH0814,Tata,Tiago,2023,Hatchback,Petrol,Manual,Maroon,816080,47.1,,,850.0,5,11953,9.1,Karthik Bhatt,9960557964,PB10FL2064,Ludhiana,Available,2024-06-03,2022-01-20,1,741038
VH0327,Maruti Suzuki,Celerio,2023,Hatchback,Diesel,Automatic,Brown,673510,18.3,,,1200.0,5,27394,8.6,Rajesh Chauhan,9826619655,KL42EY2609,Kochi,Under Maintenance,2024-03-15,2024-07-29,1,601179
VH0561,Bajaj,Pulsar 150,2016,Motorcycle,Petrol,Manual,Maroon,122268,45.3,,,100.0,2,1731,5.9,Karthik Shah,9114492185,TN32YC5385,Chennai,Sold,2024-08-05,2023-11-25,8,43804
VH0113,TVS,Apache RTR 160,2017,Motorcycle,Petrol,Manual,Yellow,131331,37.0,,,450.0,2,89087,3.5,Rekha Agarwal,9467570835,MP49KF8531,Bhopal,Available,2027-10-26,2023-06-26,7,46085
VH0701,Bajaj,Avenger 220,2018,Motorcycle,Petrol,Manual,Brown,140571,29.3,,,350.0,2,66948,4.8,Rekha Patel,9919450756,MP87MJ1657,Indore,Under Maintenance,2024-08-08,2024-05-12,6,63685
VH0579,Volkswagen,Virtus,2017,Sedan,Petrol,DCT,Gold,1197369,28.9,,,1650.0,5,41610,5.1,Kavya Yadav,9650270404,WB53TV3113,Kolkata,Sold,2026-02-04,2022-06-20,7,477019
VH0190,Royal Enfield,Thunderbird 350,2020,Motorcycle,Petrol,Manual,Yellow,222617,53.7,,,350.0,2,735,8.0,Sanjay Kumar,9236739271,PB86SF7199,Ludhiana,Available,2027-12-08,2024-03-12,4,151215
VH0342,Tata,Safari,2024,SUV,Petrol,CVT,Maroon,2487917,14.4,,,2200.0,5,22455,9.3,Deepak Yadav,9957085656,MP61SX6431,Bhopal,Available,2024-03-13,2023-09-15,0,2432050
VH0630,Hero,Splendor Plus,2021,Motorcycle,Petrol,Manual,Yellow,82140,14.9,,,200.0,2,38515,7.2,Gurpreet Agarwal,9315125290,UP85HF9380,Agra,Available,2025-08-15,2022-07-24,3,59262
VH0148,Kia,Carens,2023,MPV,Diesel,DCT,Maroon,1342874,21.5,,,2400.0,7,32222,8.4,Manoj Dubey,9249442440,MH38WC7703,Nagpur,Sold,2025-06-01,2022-11-12,1,1192173
VH0310,Kia,Seltos,2017,SUV,Diesel,Manual,Green,1198910,20.0,,,1900.0,5,102713,3.1,Arjun Sharma,9485753927,UK73TH4804,Dehradun,Available,2026-09-03,2022-10-02,7,404376
VH0361,Renault,Triber,2024,MPV,Petrol,DCT,Grey,1100974,34.5,,,1400.0,8,81623,7.3,Vikram Rao,9669296859,MH54AR4860,Pune,Under Maintenance,2026-01-11,2024-11-05,0,1011109
VH0084,Tata,Punch,2020,Micro SUV,CNG,AMT,Black,848890,32.1,,,850.0,5,97332,4.8,Rajesh Nair,9819532005,KL72MU6381,Kochi,Sold,2027-11-04,2024-12-14,4,494621
VH0049,Royal Enfield,Thunderbird 350,2019,Motorcycle,Petrol,Manual,Brown,235081,30.4,,,500.0,2,67949,5.2,Anjali Rao,9929517022,DL59CK5135,Delhi,Available,2024-01-03,2024-08-04,5,125075
VH0469,Tata,Nexon EV,2015,Electric SUV,Electric,Automatic,Grey,1610230,,306.0,4.4,,5,108193,1.9,Suresh Patel,9465933326,UP43IH2766,Noida,Sold,2025-11-14,2024-11-30,9,483069
VH0156,Toyota,Camry,2021,Sedan,Petrol,DCT,Yellow,5272073,29.7,,,1450.0,5,25023,7.7,Ravi Singh,9625749126,MP82RW3838,Indore,Available,2025-10-06,2024-07-12,3,3874852
VH0773,Mahindra,Scorpio,2016,SUV,CNG,CVT,Grey,1501066,32.4,,,2800.0,5,84317,3.2,Divya Mishra,9435999953,PB41JD2481,Ludhiana,Sold,2025-01-16,2024-02-23,8,450319
VH0240,Honda,Amaze,2023,Sedan,Petrol,Manual,White,981618,22.6,,,1500.0,5,9952,9.2,Rajesh Tiwari,9794239754,HR55DG9810,Gurugram,Sold,2027-11-06,2022-11-11,1,893319
VH0201,Honda,WR-V,2023,Compact SUV,CNG,AMT,Brown,1213300,31.5,,,1450.0,5,91419,6.5,Meera Nair,9763834967,UK61BF5512,Dehradun,Sold,2026-04-02,2022-03-21,1,1005317
VH0403,Bajaj,Avenger 220,2020,Motorcycle,Petrol,Manual,Orange,159596,47.1,,,150.0,2,48122,6.4,Ananya Kaur,9278914614,HR87GK9138,Faridabad,Sold,2026-06-11,2023-02-18,4,100845
VH0203,Royal Enfield,Meteor 350,2016,Motorcycle,Petrol,Manual,Brown,218235,22.7,,,400.0,2,9100,5.7,Rajesh Verma,9653266624,UP63YQ7126,Agra,Sold,2025-09-29,2024-11-03,8,76578
VH0631,TVS,Ntorq 125,2019,Scooter,Petrol,Manual,White,103399,42.6,,,100.0,2,1944,7.4,Sanjay Pandey,9228984845,MH54NE1458,Nagpur,Available,2027-04-03,2023-09-13,5,61838
VH0501,Mahindra,KUV100,2020,Micro SUV,Petrol,Manual,Red,799940,38.9,,,1150.0,5,30988,7.0,Ananya Bhatt,9856589767,WB66UX4808,Kolkata,Under Maintenance,2024-02-13,2022-09-12,4,519170
VH0765,Royal Enfield,Thunderbird 350,2024,Motorcycle,Petrol,Manual,Blue,253214,48.2,,,150.0,2,58614,8.0,Gurpreet Bhatt,9821895231,PB36EM3022,Ludhiana,Available,2024-10-18,2023-07-19,0,238372
VH0180,Hero,Passion Pro,2018,Motorcycle,Petrol,Manual,Red,78409,22.3,,,150.0,2,101469,3.6,Anjali Tiwari,9229640083,TN14FO8635,Chennai,Available,2025-03-01,2024-07-14,6,32816
VH0048,Volkswagen,Polo,2017,Hatchback,Petrol,DCT,Blue,840190,51.6,,,900.0,5,88335,3.6,Suresh Yadav,9538460431,PB56UP2494,Amritsar,Available,2024-08-02,2022-11-26,7,295465
VH0756,Maruti Suzuki,Vitara Brezza,2022,Compact SUV,Petrol,CVT,Grey,1086423,40.9,,,1250.0,5,67967,6.7,Suresh Bhatt,9310761670,UK86WD8828,Dehradun,Available,2024-09-22,2022-10-20,2,838754
VH0951,Toyota,Camry,2023,Sedan,Petrol,Automatic,Blue,6200833,27.7,,,1950.0,5,89644,6.5,Gurpreet Tiwari,9103300793,GJ94JT2961,Ahmedabad,Sold,2025-03-13,2024-03-13,1,5148898
VH0317,Skoda,Octavia,2022,Sedan,CNG,Automatic,Grey,4216395,26.3,,,1500.0,5,1253,9.0,Kavya Dubey,9635413025,CH80YI1200,Chandigarh,Available,2027-05-30,2024-10-07,2,3536488
VH0620,Mahindra,XUV300,2020,Compact SUV,CNG,AMT,Red,1169693,34.5,,,1200.0,5,57314,6.1,Simran Kaur,9995684903,KL25BS9520,Kochi,Sold,2026-07-20,2023-12-12,4,728351
VH0529,Honda,City,2016,Sedan,Petrol,DCT,Black,1148744,38.1,,,1950.0,5,39607,4.7,Meera Dubey,9792130377,GJ89XD3967,Ahmedabad,Sold,2027-03-16,2022-09-14,8,368049
VH0347,Ford,EcoSport,2016,Compact SUV,Petrol,CVT,Green,1079007,31.7,,,1500.0,5,89011,3.0,Pooja Bhatt,9519998159,GJ43II2610,Ahmedabad,Available,2025-05-10,2023-02-04,8,323702
VH0388,Ola Electric,S1 Pro,2021,Electric Scooter,Electric,Automatic,Blue,174101,,119.0,11.8,,2,117118,4.6,Simran Yadav,9249265120,TN03PL6104,Chennai,Sold,2027-05-08,2024-12-07,3,111926
VH0961,Kia,Seltos,2017,SUV,Diesel,CVT,Orange,1202601,22.1,,,2150.0,5,52665,4.7,Arun Sharma,9699049741,WB73RB7681,Kolkata,Available,2027-08-04,2022-08-30,7,465809
VH0051,Mahindra,XUV300,2023,Compact SUV,Petrol,DCT,Grey,1245771,23.2,,,1050.0,5,54959,7.7,Rekha Kumar,9646397165,MH16UE9165,Nagpur,Sold,2026-09-15,2024-08-25,1,1077642
VH0973,Hyundai,i20,2021,Hatchback,CNG,CVT,Silver,981265,27.4,,,950.0,5,97613,5.2,Ravi Rao,9252227862,HR33DM8707,Gurugram,Under Maintenance,2026-10-20,2024-11-17,3,649977
VH0442,TVS,Ntorq 125,2019,Scooter,Petrol,Manual,Brown,105538,17.5,,,150.0,2,18587,6.9,Karthik Chauhan,9552820774,HR97NL5021,Faridabad,Sold,2026-05-28,2024-04-26,5,61361
VH0602,Toyota,Glanza,2016,Hatchback,Petrol,CVT,Black,759953,43.4,,,950.0,5,28310,5.1,Ravi Joshi,9514025061,MH73ZK4811,Nagpur,Available,2026-12-15,2023-03-22,8,252068
VH0282,Ather,450 Plus,2021,Electric Scooter,Electric,Automatic,Green,153759,,117.0,17.0,,2,3042,8.4,Pooja Shah,9628276702,KL15UO8418,Kochi,Available,2024-11-07,2022-04-12,3,116389
VH0244,Ather,450X,2019,Electric Scooter,Electric,Automatic,Black,172214,,289.0,74.3,,2,109912,3.8,Karthik Singh,9297560682,MH28NU9397,Pune,Available,2025-06-01,2023-02-02,5,84400
VH0337,Skoda,Superb,2020,Sedan,Petrol,DCT,White,4423015,54.4,,,1800.0,5,47586,6.4,Priya Sharma,9855220739,TN38BL9992,Chennai,Available,2024-08-12,2023-08-01,4,2797176
VH0068,Honda,Elevate,2016,SUV,Petrol,AMT,Brown,1102444,35.0,,,1650.0,5,4582,5.8,Gurpreet Chauhan,9423873102,MH65HT1710,Nagpur,Available,2024-05-04,2024-09-07,8,391828
VH0476,Maruti Suzuki,Alto,2018,Hatchback,Petrol,DCT,Silver,375679,33.7,,,1050.0,5,47408,5.4,Rajesh Sharma,9489571951,UP49GM4018,Agra,Available,2024-03-02,2022-08-24,6,177542
VH0313,Hyundai,i20,2022,Hatchback,Petrol,Manual,Orange,993485,24.1,,,1200.0,5,52671,7.2,Ananya Verma,9303850254,WB95BR7347,Kolkata,Available,2025-09-15,2023-08-09,2,782199
VH0436,Hyundai,Creta,2021,SUV,Petrol,CVT,Blue,1390715,25.0,,,2500.0,5,95685,5.3,Kavya Tiwari,9122341268,GJ61DP6681,Surat,Available,2025-01-28,2024-08-19,3,923872
VH0899,Mahindra,Thar,2017,Off-Road SUV,Diesel,CVT,Maroon,1719090,18.3,,,2250.0,4,5539,6.3,Pooja Gupta,9873936345,DL18HQ9115,Delhi,Available,2024-01-19,2024-01-09,7,746877
VH0329,Kia,Carnival,2018,MPV,Diesel,CVT,Green,2824048,16.1,,,2000.0,7,27576,6.1,Rahul Shah,9700893588,GJ20FI2875,Ahmedabad,Available,2027-01-16,2023-12-19,6,1390629
VH0309,Tata,Nexon EV,2017,Electric SUV,Electric,Automatic,Silver,1688545,,325.0,14.1,,5,117695,2.6,Sanjay Pandey,9900592344,CH98KN7737,Chandigarh,Under Maintenance,2027-07-28,2023-07-15,7,544226
VH0431,Tata,Nexon,2016,Compact SUV,Petrol,Automatic,Silver,1103972,48.6,,,1000.0,5,82264,3.3,Nisha Pandey,9913202948,MH54WJ6143,Mumbai,Sold,2025-06-26,2023-12-01,8,331191
VH0661,TVS,Apache RTR 160,2017,Motorcycle,Petrol,Manual,Maroon,139514,48.2,,,100.0,2,46947,4.9,Seema Chauhan,9516734375,HR22CE9436,Faridabad,Under Maintenance,2024-09-18,2024-04-03,7,54836
VH0371,Bajaj,Dominar 400,2022,Motorcycle,Petrol,Manual,Maroon,303657,29.0,,,200.0,2,85570,6.1,Karthik Kaur,9356229918,UP72WC4354,Noida,Available,2026-09-06,2023-03-06,2,229087
VH0567,Royal Enfield,Meteor 350,2022,Motorcycle,Petrol,Manual,Grey,286380,34.2,,,500.0,2,98579,5.7,Ananya Bhatt,9933859910,PB50CS7911,Ludhiana,Sold,2025-03-25,2022-06-28,2,212328
VH0980,Ather,450 Plus,2024,Electric Scooter,Electric,Automatic,Red,185465,,164.0,42.8,,2,9153,9.7,Seema Shah,9649976609,KL83EJ6533,Kochi,Available,2027-08-18,2022-06-22,0,183767
VH0182,Hyundai,Tucson,2019,SUV,Diesel,Manual,Grey,3671393,23.1,,,2350.0,5,109338,3.9,Sunita Nair,9230409444,UP71HD8570,Agra,Available,2025-03-31,2022-09-25,5,1801413
VH0363,Ford,Aspire,2015,Sedan,Petrol,Manual,Grey,760532,21.2,,,1200.0,5,55427,3.7,Gurpreet Pandey,9736413935,MP66DC4855,Indore,Available,2025-02-11,2023-10-30,9,228159
VH0622,Skoda,Kushaq,2015,Compact SUV,Petrol,CVT,Maroon,1013007,28.4,,,1000.0,5,73998,3.0,Manpreet Chauhan,9814388348,DL33EL5641,Delhi,Under Maintenance,2024-11-13,2022-06-26,9,303902
VH0819,Royal Enfield,Classic 350,2022,Motorcycle,Petrol,Manual,Blue,224269,44.5,,,150.0,2,59585,7.0,Nisha Menon,9880770209,TS76YL2079,Hyderabad,Sold,2026-01-03,2024-09-10,2,175022
VH0193,TVS,Jupiter,2017,Scooter,Petrol,Manual,Blue,86506,46.8,,,100.0,2,21590,5.8,Amit Kaur,9282649071,KL03KI2715,Kochi,Sold,2024-06-02,2022-07-10,7,36194
VH0953,Maruti Suzuki,Dzire,2021,Sedan,Diesel,Automatic,Red,899433,14.0,,,1500.0,5,55323,6.7,Arjun Pandey,9395300117,UK78QE2204,Dehradun,Available,2024-06-06,2022-07-08,3,633809
VH0422,TVS,Ntorq 125,2020,Scooter,Petrol,Manual,White,117366,25.6,,,150.0,2,64892,5.8,Deepak Singh,9438811626,UK98IQ6128,Dehradun,Sold,2024-11-05,2024-06-20,4,72192
VH0841,Maruti Suzuki,Celerio,2017,Hatchback,Petrol,Manual,Black,525375,23.6,,,1250.0,5,91175,3.5,Simran Bhatt,9615100796,HR72II1369,Faridabad,Available,2024-11-09,2023-03-18,7,183263
VH0923,Volkswagen,Polo,2019,Hatchback,Petrol,CVT,Green,917286,14.8,,,1250.0,5,69957,5.2,Harpreet Agarwal,9758841666,KA31JI5002,Bangalore,Available,2025-01-09,2024-10-14,5,486201
VH0074,Toyota,Camry,2021,Sedan,Petrol,Automatic,White,5877829,53.8,,,1300.0,5,95081,5.3,Kavya Kaur,9269016920,UP68GM7878,Agra,Available,2025-10-26,2022-06-23,3,3908280
VH0297,Renault,Triber,2019,MPV,CNG,Manual,White,1008370,30.7,,,1600.0,7,78518,4.9,Suresh Bhatt,9979947812,UP42ZP3832,Agra,Under Maintenance,2027-08-08,2023-09-08,5,525846
VH0967,Tata,Harrier,2024,SUV,CNG,Manual,Brown,1894394,25.7,,,2300.0,5,42625,8.6,Sanjay Shah,9178557956,DL79UI2312,Delhi,Sold,2024-04-21,2024-07-17,0,1813645
VH0462,Volkswagen,Virtus,2019,Sedan,Diesel,CVT,Green,1252385,18.0,,,1700.0,5,88672,4.5,Arun Dubey,9104594803,CH89EU1033,Chandigarh,Under Maintenance,2024-12-21,2024-04-26,5,640379
VH0303,Honda,WR-V,2022,Compact SUV,Petrol,Manual,Brown,1191361,44.3,,,1150.0,5,19026,8.4,Ravi Dubey,9768986243,UP70QY5237,Lucknow,Sold,2027-11-24,2022-02-07,2,978076
VH0177,Skoda,Slavia,2022,Sedan,CNG,DCT,Blue,1541667,35.0,,,1500.0,5,71481,6.6,Karthik Sharma,9540272920,UP70YZ5016,Agra,Available,2025-12-10,2022-01-20,2,1184800
VH0378,Ford,Endeavour,2015,SUV,Petrol,DCT,Maroon,3232780,42.9,,,2250.0,5,58447,3.6,Manpreet Bhatt,9882267928,KL97SV3409,Kochi,Under Maintenance,2025-11-24,2022-08-19,9,969834
VH0799,Ather,450X,2017,Electric Scooter,Electric,Automatic,Silver,170493,,181.0,7.0,,2,42660,5.1,Rahul Shah,9873612152,HR09NQ9753,Gurugram,Available,2026-01-28,2022-03-20,7,67743
VH0103,Kia,Carens,2019,MPV,Diesel,CVT,Gold,1315041,13.2,,,2300.0,7,4218,7.4,Rajesh Bhatt,9144232045,PB75EF6531,Amritsar,Sold,2024-06-15,2022-04-04,5,783477
VH0106,Renault,Triber,2016,MPV,Petrol,CVT,Orange,963709,49.4,,,1950.0,7,61686,3.9,Vikram Singh,9635008544,RJ42SX6123,Jaipur,Under Maintenance,2026-10-18,2023-09-24,8,289112
VH0127,MG,ZS EV,2019,Electric SUV,Electric,Automatic,Orange,2434420,,324.0,60.1,,5,13724,7.0,Arun Sharma,9358413465,KA05ZV7868,Bangalore,Available,2027-05-01,2022-03-10,5,1427242
VH0996,Bajaj,Avenger 220,2024,Motorcycle,Petrol,Manual,Maroon,182385,43.4,,,200.0,2,84798,7.2,Vikas Pandey,9872407753,MP89HN8356,Indore,Under Maintenance,2026-04-26,2022-11-03,0,166919
VH0839,Ather,450 Plus,2018,Electric Scooter,Electric,Automatic,Black,135987,,127.0,72.8,,2,96018,3.8,Rekha Sharma,9425823255,CH80BA5493,Chandigarh,Available,2027-03-09,2022-11-23,6,57656
VH0356,Ford,EcoSport,2020,Compact SUV,Petrol,AMT,Gold,1073051,47.1,,,1500.0,5,5333,7.8,Gurpreet Bhatt,9350166446,MP59VR3440,Bhopal,Under Maintenance,2024-10-16,2024-09-28,4,723952
VH0617,Maruti Suzuki,Celerio,2018,Hatchback,Petrol,Manual,Orange,540543,14.7,,,1300.0,5,40424,5.7,Harpreet Nair,9932425391,KL30QQ3741,Kochi,Available,2025-11-18,2024-07-15,6,259231
VH0683,Mahindra,KUV100,2023,Micro SUV,Petrol,Automatic,Silver,946805,36.4,,,1100.0,5,117094,5.6,Gurpreet Menon,9661008736,CH38DN5820,Chandigarh,Available,2026-01-31,2022-12-06,1,760195
VH0813,Bajaj,Dominar 400,2020,Motorcycle,Petrol,Manual,Orange,293820,49.0,,,400.0,2,37415,6.8,Gurpreet Menon,9693116357,GJ91KE6672,Surat,Available,2025-06-30,2022-06-20,4,188804
VH0681,Volkswagen,Virtus,2019,Sedan,CNG,Automatic,Maroon,1182305,31.9,,,1850.0,5,31398,6.5,Ravi Dubey,9436098559,CH35WG9007,Chandigarh,Under Maintenance,2025-10-21,2024-08-02,5,672260
VH0210,Skoda,Slavia,2023,Sedan,Diesel,CVT,Blue,1361349,13.7,,,1600.0,5,98045,6.2,Divya Joshi,9338642889,UP72YF6499,Agra,Available,2025-09-20,2024-05-11,1,1118967
VH0493,Hyundai,Verna,2017,Sedan,CNG,DCT,Orange,1155377,34.2,,,1500.0,5,100971,3.1,Rohit Joshi,9911101211,MP53YR2986,Indore,Available,2025-10-29,2024-04-19,7,391706
VH0141,Tata,Tiago,2015,Hatchback,Petrol,AMT,Green,557835,17.1,,,1250.0,5,64804,3.3,Rahul Menon,9941328406,UK77MY6347,Dehradun,Under Maintenance,2025-04-12,2023-12-30,9,167350
VH0975,Royal Enfield,Bullet 350,2023,Motorcycle,Petrol,Manual,Maroon,228985,18.7,,,500.0,2,59435,7.5,Rahul Kaur,9345788402,RJ70VK7691,Jaipur,Available,2024-02-16,2024-10-06,1,197056
VH0340,Ola Electric,S1 Air,2023,Electric Scooter,Electric,Automatic,White,155017,,198.0,30.7,,2,54349,7.7,Seema Patel,9864643763,RJ55TA9161,Jaipur,Available,2027-01-23,2024-01-22,1,134190
VH0798,Hero,HF Deluxe,2015,Motorcycle,Petrol,Manual,Red,54473,20.3,,,300.0,2,9594,5.2,Anjali Pandey,9127176053,MP09HF4184,Bhopal,Sold,2025-05-18,2024-12-18,9,16341
VH0575,Bajaj,Dominar 400,2017,Motorcycle,Petrol,Manual,Silver,259945,18.0,,,400.0,2,77355,3.9,Rahul Bhatt,9954772900,UP65DQ3460,Agra,Available,2024-03-17,2023-08-18,7,94267
VH0182,Hyundai,Tucson,2019,SUV,Diesel,Manual,Grey,3671393,23.1,,,2350.0,5,109338,3.9,Sunita Nair,9230409444,UP71HD8570,Agra,Available,2025-03-31,2022-09-25,5,1801413
VH0394,Hero,HF Deluxe,2023,Motorcycle,Petrol,Manual,Green,72114,54.4,,,400.0,2,14285,9.0,Neha Sharma,9823872620,UP09ZP7020,Lucknow,Available,2026-03-22,2024-06-16,1,65314
VH0816,Tata,Nexon,2021,Compact SUV,Diesel,Automatic,Orange,1151959,13.0,,,1250.0,5,62000,6.4,Simran Dubey,9750105387,UP68GP4232,Noida,Sold,2025-08-12,2022-05-06,3,804067
VH0712,Volkswagen,Taigun,2022,Compact SUV,Petrol,Automatic,Brown,1528214,51.0,,,1400.0,5,95371,5.8,Rohit Verma,9257572094,PB59BC6350,Amritsar,Sold,2027-07-30,2022-07-27,2,1137952
VH0794,Volkswagen,Virtus,2015,Sedan,Petrol,AMT,Black,1086672,48.5,,,1500.0,5,29725,4.5,Priya Pandey,9238392700,MP33TA7479,Indore,Sold,2024-05-24,2022-08-23,9,326001
VH0893,Maruti Suzuki,Celerio,2017,Hatchback,Petrol,Automatic,White,546131,48.6,,,1300.0,5,5604,6.3,Priya Singh,9432610204,HR90LV2433,Gurugram,Available,2027-04-08,2022-06-18,7,237237
VH0860,Ather,450X,2017,Electric Scooter,Electric,Automatic,White,174108,,319.0,43.0,,2,30036,5.5,Arjun Tiwari,9771758113,MH62QC3698,Mumbai,Available,2025-06-21,2024-04-12,7,71378
VH0011,Hero,Splendor Plus,2018,Motorcycle,Petrol,Manual,Green,75298,27.9,,,500.0,2,4617,6.8,Simran Verma,9345824373,PB76HA2163,Ludhiana,Available,2025-11-07,2022-05-26,6,38807
VH0695,Maruti Suzuki,Vitara Brezza,2019,Compact SUV,Petrol,CVT,White,982600,33.1,,,1050.0,5,82632,4.7,Neha Joshi,9299349714,PB60CD2483,Amritsar,Available,2024-02-11,2022-12-13,5,508365
VH0428,Ola Electric,S1 Pro,2022,Electric Scooter,Electric,Automatic,White,179232,,199.0,40.4,,2,83165,6.2,Manpreet Yadav,9759135517,PB77NC7922,Amritsar,Available,2026-05-22,2022-07-10,2,135649
VH0283,Maruti Suzuki,Dzire,2016,Sedan,CNG,CVT,Orange,666540,29.4,,,1200.0,5,105287,2.5,Vikram Kaur,9551232519,PB12EA9086,Ludhiana,Available,2026-10-17,2024-01-31,8,199962
VH0811,Royal Enfield,Bullet 350,2020,Motorcycle,Petrol,Manual,White,231816,21.9,,,300.0,2,59342,6.0,Priya Patel,9852172135,MP04PK3734,Bhopal,Available,2026-06-05,2023-11-23,4,143878
VH0342,Tata,Safari,2024,SUV,Petrol,CVT,Maroon,2487917,14.4,,,2200.0,5,22455,9.3,Deepak Yadav,9957085656,MP61SX6431,Bhopal,Available,2024-03-13,2023-09-15,0,2432050
VH0292,Tata,Nexon,2018,Compact SUV,Petrol,Manual,Black,1124760,40.2,,,1250.0,5,96746,3.8,Rajesh Shah,9385417366,BR96NL1955,Patna,Available,2024-05-24,2023-09-15,6,476059
VH0755,Ather,450 Plus,2024,Electric Scooter,Electric,Automatic,Silver,185649,,143.0,15.1,,2,54904,8.2,Amit Rao,9610767573,CH45HC7879,Chandigarh,Available,2027-01-04,2024-06-20,0,175456
VH0627,Tata,Nexon,2019,Compact SUV,Petrol,CVT,Green,1191298,47.7,,,1450.0,5,94472,4.4,Gurpreet Bhatt,9824145444,MP89KB2989,Indore,Available,2024-04-18,2023-02-24,5,602234
VH0944,Skoda,Superb,2019,Sedan,Diesel,Manual,White,4471516,17.5,,,1400.0,5,33510,6.4,Vikram Rao,9432414395,MH93XQ8059,Pune,Under Maintenance,2024-06-17,2024-08-04,5,2533069
VH0862,Ola Electric,S1 Air,2022,Electric Scooter,Electric,Automatic,Red,149129,,210.0,50.2,,2,37309,7.8,Harpreet Verma,9496770295,GJ09RC3384,Surat,Available,2026-08-09,2023-12-01,2,119704
VH0130,Ford,Aspire,2021,Sedan,Diesel,CVT,Silver,857378,21.8,,,1950.0,5,55092,6.7,Manpreet Pandey,9161873231,PB29JW3365,Ludhiana,Available,2027-02-15,2024-12-21,3,604372
VH0176,MG,Hector,2023,SUV,Petrol,Automatic,Yellow,1774400,35.1,,,1550.0,5,48854,7.9,Anjali Joshi,9693877361,WB09OJ6090,Kolkata,Available,2025-02-14,2023-08-21,1,1545761
VH0324,Maruti Suzuki,Dzire,2018,Sedan,CNG,CVT,Green,827105,29.8,,,1950.0,5,61116,5.0,Divya Pandey,9676564508,DL83EP3545,Delhi,Sold,2026-04-27,2022-04-25,6,379545
VH0091,Royal Enfield,Meteor 350,2022,Motorcycle,Petrol,Manual,Grey,262255,48.3,,,450.0,2,56761,7.1,Nisha Patel,9871531100,UK69AU9443,Dehradun,Available,2024-01-04,2023-12-24,2,205408
VH0844,MG,Gloster,2022,SUV,Petrol,Automatic,Silver,3790802,51.0,,,2650.0,5,61774,6.9,Deepak Singh,9722997665,BR70EK6681,Patna,Available,2025-12-12,2023-08-22,2,2950100
VH0964,MG,ZS EV,2021,Electric SUV,Electric,Automatic,Black,2834297,,123.0,64.8,,5,74135,6.0,Divya Joshi,9990362496,WB74ML7667,Kolkata,Available,2026-09-13,2024-05-22,3,1943945
VH0865,Royal Enfield,Bullet 350,2024,Motorcycle,Petrol,Manual,Black,264457,19.7,,,300.0,2,76751,7.4,Ravi Kaur,9319542069,UP88VL9892,Lucknow,Sold,2026-12-01,2022-12-22,0,244159
VH0866,Skoda,Slavia,2018,Sedan,Petrol,CVT,Red,1174039,40.5,,,1950.0,5,19681,6.3,Rekha Bhatt,9592932560,MH32MP5435,Pune,Available,2025-06-05,2022-05-28,6,587394
VH0922,Kia,Carnival,2022,MPV,Petrol,CVT,Green,3157880,23.0,,,1500.0,7,14894,8.5,Ravi Chauhan,9789222523,PB83PM4586,Ludhiana,Under Maintenance,2025-07-02,2024-01-30,2,2605585
VH0696,Kia,Carnival,2022,MPV,Petrol,Automatic,Red,3246133,41.9,,,1600.0,7,54761,7.2,Neha Menon,9250781347,KL07MW5703,Kochi,Available,2025-04-07,2023-01-21,2,2548990
VH0216,Renault,Triber,2018,MPV,Petrol,DCT,White,962314,19.0,,,2400.0,7,87265,4.1,Arun Verma,9737721108,WB82IY9761,Kolkata,Under Maintenance,2024-08-09,2022-02-10,6,416426
VH0781,Toyota,Urban Cruiser,2018,Compact SUV,Petrol,CVT,Maroon,1025046,41.7,,,1250.0,5,113580,3.2,Karthik Agarwal,9831563639,PB73ZQ7670,Ludhiana,Available,2024-01-14,2022-04-19,6,416599
VH0262,Royal Enfield,Classic 350,2016,Motorcycle,Petrol,Manual,Orange,191149,29.2,,,100.0,2,108009,2.4,Sanjay Shah,9161700457,UP50MT9536,Agra,Under Maintenance,2024-12-24,2024-10-09,8,57344
VH0159,Kia,EV6,2016,Electric SUV,Electric,Automatic,Maroon,6567462,,267.0,62.2,,5,15886,5.5,Seema Joshi,9571447714,KL05OI6711,Kochi,Sold,2025-04-30,2023-03-06,8,2259955
VH0059,TVS,Apache RTR 160,2018,Motorcycle,Petrol,Manual,Red,132873,28.7,,,300.0,2,102514,3.6,Pooja Sharma,9707661655,HR38AV7484,Faridabad,Sold,2024-04-10,2024-10-14,6,55472
VH0989,Ford,Endeavour,2019,SUV,Petrol,Manual,Yellow,4099563,22.6,,,1950.0,5,96042,4.3,Anjali Kaur,9317214952,MH42JO2761,Mumbai,Available,2024-12-21,2024-01-20,5,2066007
VH0842,Bajaj,Avenger 220,2015,Motorcycle,Petrol,Manual,Grey,120469,31.7,,,450.0,2,93548,2.4,Manoj Joshi,9926279823,GJ23AS1721,Surat,Sold,2025-07-30,2024-09-08,9,36140
VH0635,TVS,Ntorq 125,2018,Scooter,Petrol,Manual,Orange,110541,47.2,,,100.0,2,15504,6.5,Rekha Joshi,9166493225,KA23XM7882,Bangalore,Sold,2024-03-17,2022-05-30,6,55767
VH0517,Kia,Seltos,2020,SUV,Petrol,CVT,Maroon,1357294,53.8,,,2650.0,5,56587,6.1,Meera Shah,9952508471,TS87OH8938,Hyderabad,Available,2026-09-02,2022-07-25,4,846154
VH0429,Ola Electric,S1 Air,2022,Electric Scooter,Electric,Automatic,Silver,146679,,265.0,57.1,,2,119409,5.0,Amit Kumar,9602746506,TN64QU9596,Chennai,Available,2026-09-05,2023-09-08,2,105695
VH0748,Kia,Carens,2020,MPV,Petrol,Automatic,Grey,1259270,20.1,,,1750.0,7,9578,7.7,Harpreet Nair,9679902460,KA04RT1646,Bangalore,Available,2025-11-01,2023-10-08,4,844242
VH0598,Maruti Suzuki,Dzire,2018,Sedan,CNG,Manual,Orange,823855,25.3,,,1400.0,5,12554,6.6,Pooja Menon,9617087085,PB11XW3073,Ludhiana,Available,2025-12-14,2023-08-26,6,418061
VH0196,Maruti Suzuki,Alto,2017,Hatchback,CNG,Manual,Silver,379981,26.2,,,1100.0,5,116563,2.6,Divya Agarwal,9516104074,MP63VI2493,Indore,Available,2026-02-20,2024-01-27,7,122899
VH0784,Renault,Duster,2016,SUV,CNG,AMT,Blue,1152416,30.2,,,1500.0,5,69852,3.7,Sunita Singh,9101856387,UK08RB7113,Dehradun,Under Maintenance,2024-01-26,2022-01-10,8,345724
VH0870,Mahindra,Scorpio,2018,SUV,Petrol,DCT,Yellow,1447482,20.6,,,2400.0,5,29463,6.0,Sunita Rao,9364347668,UP79IZ8966,Agra,Sold,2025-05-10,2024-07-30,6,710043
VH0411,Royal Enfield,Himalayan,2024,Adventure Motorcycle,Petrol,Manual,Gold,290924,35.9,,,400.0,2,48700,8.4,Pooja Nair,9489766149,TS70NP5036,Hyderabad,Available,2025-09-23,2022-02-13,0,276756
VH0097,Hyundai,i20,2021,Hatchback,CNG,DCT,Brown,950115,31.8,,,800.0,5,85062,5.7,Priya Nair,9172191273,TN78VZ8179,Chennai,Available,2026-01-20,2024-01-12,3,641268
VH0001,Honda,City,2019,Sedan,Diesel,Automatic,Grey,1260785,13.3,,,1300.0,5,74063,5.0,Vikram Patel,9642621108,PB55BA2535,Amritsar,Sold,2025-02-11,2024-05-09,5,663093
VH0506,Royal Enfield,Bullet 350,2022,Motorcycle,Petrol,Manual,Black,212789,29.6,,,150.0,2,37622,7.7,Pooja Mishra,9597841726,KL77RE3878,Kochi,Available,2026-02-07,2024-09-11,2,170737
VH0157,Hyundai,Alcazar,2015,SUV,Petrol,Automatic,Red,1528197,29.7,,,2350.0,5,74607,3.0,Deepak Pandey,9624737111,MP84PN9056,Bhopal,Available,2024-03-04,2023-03-28,9,458459
VH0420,Honda,CR-V,2015,SUV,Petrol,CVT,Silver,3480293,33.3,,,2050.0,5,40150,4.2,Rahul Menon,9641747843,UK86ZT1745,Dehradun,Sold,2026-03-19,2024-01-30,9,1044087
VH0803,Hero,Passion Pro,2020,Motorcycle,Petrol,Manual,Green,88081,30.4,,,500.0,2,81617,5.3,Nisha Gupta,9883087208,UP32GW4128,Lucknow,Sold,2026-01-14,2024-08-06,4,52706
VH0478,Maruti Suzuki,Dzire,2021,Sedan,Petrol,CVT,Silver,917823,26.5,,,1550.0,5,9069,8.2,Manpreet Shah,9565701222,MH48VF9633,Pune,Sold,2024-08-30,2022-10-23,3,689221
VH0856,Ola Electric,S1 Air,2023,Electric Scooter,Electric,Automatic,Brown,136362,,221.0,5.2,,2,87623,6.6,Amit Joshi,9382153127,GJ72WN2096,Surat,Sold,2026-01-02,2024-08-30,1,113504
VH0669,Ather,450X,2015,Electric Scooter,Electric,Automatic,Grey,149460,,250.0,32.4,,2,65606,3.3,Karthik Dubey,9973885029,PB87GI8702,Ludhiana,Available,2025-08-01,2022-09-27,9,44838
VH0418,Renault,Triber,2018,MPV,CNG,CVT,Grey,1003750,28.8,,,1950.0,7,4271,6.9,Deepak Singh,9538649410,UK28JX4102,Dehradun,Sold,2025-08-17,2023-06-21,6,517662
VH0872,Bajaj,Avenger 220,2015,Motorcycle,Petrol,Manual,Blue,132265,25.1,,,450.0,2,58458,3.6,Suresh Chauhan,9761036088,GJ68KK1339,Surat,Available,2027-05-27,2023-02-25,9,39679
VH0300,Tata,Altroz,2024,Hatchback,Petrol,DCT,Green,876799,17.5,,,1200.0,5,85991,7.1,Suresh Agarwal,9312717408,GJ90EY3209,Surat,Available,2027-03-16,2023-02-06,0,801402
VH0448,Bajaj,Pulsar NS200,2016,Motorcycle,Petrol,Manual,Grey,147635,37.9,,,350.0,2,56190,4.1,Rajesh Tiwari,9187990100,MH13EW7974,Nagpur,Available,2024-09-23,2024-09-02,8,44852
VH0554,Tata,Altroz,2021,Hatchback,Petrol,DCT,Green,856261,20.8,,,1000.0,5,65384,6.3,Manpreet Gupta,9895336885,HR17JB1996,Faridabad,Sold,2027-11-03,2024-12-26,3,594772
VH0179,Tata,Nexon EV,2023,Electric SUV,Electric,Automatic,Blue,1993796,,309.0,33.9,,5,105464,6.0,Arjun Kumar,9380236885,PB73BN3141,Amritsar,Sold,2026-03-15,2023-10-31,1,1624018
VH0391,Kia,Carens,2018,MPV,Diesel,CVT,Green,1139928,13.9,,,2450.0,8,9457,6.7,Harpreet Shah,9359654955,PB45LF9202,Amritsar,Available,2024-07-21,2022-01-29,6,581982
VH0579,Volkswagen,Virtus,2017,Sedan,Petrol,DCT,Gold,1197369,28.9,,,1650.0,5,41610,5.1,Kavya Yadav,9650270404,WB53TV3113,Kolkata,Sold,2026-02-04,2022-06-20,7,477019
VH0478,Maruti Suzuki,Dzire,2021,Sedan,Petrol,CVT,Silver,917823,26.5,,,1550.0,5,9069,8.2,Manpreet Shah,9565701222,MH48VF9633,Pune,Sold,2024-08-30,2022-10-23,3,689221
VH0707,Royal Enfield,Bullet 350,2017,Motorcycle,Petrol,Manual,Yellow,192782,35.2,,,150.0,2,21587,5.8,Divya Mishra,9962805514,MH11LV2661,Nagpur,Sold,2025-10-15,2022-09-21,7,80662
VH0288,MG,Gloster,2018,SUV,Petrol,AMT,Maroon,3307819,19.5,,,2900.0,5,71753,4.6,Ravi Dubey,9303770248,DL63WO5828,Delhi,Available,2025-12-13,2023-10-25,6,1482719
VH0645,Hyundai,Venue,2022,Compact SUV,Diesel,CVT,Orange,1009522,16.5,,,1500.0,5,33294,7.9,Suresh Rao,9805008454,PB38ET7517,Ludhiana,Available,2027-01-18,2023-02-26,2,814387
VH0024,Ola Electric,S1 Air,2023,Electric Scooter,Electric,Automatic,Yellow,142238,,107.0,11.7,,2,103578,6.0,Sunita Shah,9566609283,GJ23SI1626,Ahmedabad,Available,2025-10-04,2024-06-12,1,116126
VH0821,Hero,HF Deluxe,2017,Motorcycle,Petrol,Manual,Silver,62537,29.8,,,100.0,2,107638,2.9,Meera Yadav,9114978878,TN41MU3447,Chennai,Available,2027-09-17,2022-12-20,7,20784
VH0825,Maruti Suzuki,Celerio,2020,Hatchback,Petrol,Automatic,Blue,597606,27.4,,,950.0,5,92031,4.9,Ravi Kaur,9719785036,TS82PZ5596,Hyderabad,Sold,2025-02-02,2022-09-18,4,351373
VH0985,Volkswagen,Vento,2023,Sedan,Petrol,AMT,Grey,1355438,22.0,,,1750.0,5,76004,7.0,Divya Nair,9833930010,UK38FU5040,Dehradun,Available,2025-07-05,2024-03-12,1,1143984
VH0339,Toyota,Fortuner,2015,SUV,Petrol,Manual,Orange,3310717,50.3,,,2550.0,5,56297,3.6,Seema Pandey,9947105447,GJ18CE7813,Surat,Sold,2027-06-30,2023-01-04,9,993215
VH0665,Ford,Endeavour,2017,SUV,Petrol,Automatic,Red,3555078,25.4,,,2900.0,5,58029,4.6,Neha Rao,9409069241,UK41DL5666,Dehradun,Available,2025-04-03,2022-12-13,7,1357936
VH0143,Bajaj,Dominar 400,2020,Motorcycle,Petrol,Manual,Brown,259213,14.2,,,300.0,2,73505,5.5,Karthik Joshi,9301210399,MH47YI2674,Nagpur,Available,2027-02-10,2024-11-15,4,157211
VH0517,Kia,Seltos,2020,SUV,Petrol,CVT,Maroon,1357294,53.8,,,2650.0,5,56587,6.1,Meera Shah,9952508471,TS87OH8938,Hyderabad,Available,2026-09-02,2022-07-25,4,846154
VH0430,Toyota,Yaris,2019,Sedan,Diesel,DCT,Red,1156510,19.4,,,1300.0,5,75011,5.0,Deepak Rao,9598921108,DL66DQ7961,Delhi,Sold,2025-06-02,2023-12-29,5,607155
VH0865,Royal Enfield,Bullet 350,2024,Motorcycle,Petrol,Manual,Black,264457,19.7,,,300.0,2,76751,7.4,Ravi Kaur,9319542069,UP88VL9892,Lucknow,Sold,2026-12-01,2022-12-22,0,244159
VH0422,TVS,Ntorq 125,2020,Scooter,Petrol,Manual,White,117366,25.6,,,150.0,2,64892,5.8,Deepak Singh,9438811626,UK98IQ6128,Dehradun,Sold,2024-11-05,2024-06-20,4,72192
VH0637,Kia,Seltos,2024,SUV,Petrol,Manual,Orange,1366077,47.2,,,2900.0,5,96179,6.8,Seema Joshi,9465835988,CH47YN9955,Chandigarh,Available,2027-08-08,2024-12-17,0,1234689
VH0407,Royal Enfield,Himalayan,2016,Adventure Motorcycle,Petrol,Manual,Orange,247358,48.7,,,500.0,2,4131,5.9,Meera Patel,9221932595,KL83FI4868,Kochi,Available,2025-05-17,2023-09-28,8,88027
VH0800,Honda,Elevate,2018,SUV,Petrol,AMT,Red,1031089,16.4,,,2100.0,5,108503,3.4,Nisha Agarwal,9179375305,PB16HY1576,Amritsar,Available,2026-09-02,2024-03-01,6,424290
VH0404,Tata,Harrier,2019,SUV,CNG,Manual,Brown,1693920,30.7,,,2750.0,5,105513,4.0,Nisha Kaur,9393523362,PB80XC2552,Ludhiana,Available,2026-12-23,2024-08-31,5,837621
VH0616,Ford,EcoSport,2017,Compact SUV,Diesel,CVT,Orange,1110107,13.8,,,1000.0,5,100148,3.2,Neha Menon,9182653501,HR61NK1341,Gurugram,Available,2024-01-20,2023-12-23,7,377272
VH0295,Royal Enfield,Himalayan,2024,Adventure Motorcycle,Petrol,Manual,Green,301329,36.4,,,550.0,2,37787,8.7,Kavya Mishra,9100210054,BR96IL8412,Patna,Sold,2027-05-05,2022-02-03,0,289942
VH0924,Maruti Suzuki,Dzire,2015,Sedan,CNG,DCT,Gold,676974,28.4,,,1950.0,5,36143,4.3,Gurpreet Tiwari,9369689276,UP24DX6019,Lucknow,Sold,2027-04-15,2023-02-13,9,203092
VH0269,Maruti Suzuki,Swift,2022,Hatchback,CNG,DCT,Brown,775168,34.0,,,1250.0,5,17309,8.4,Pooja Mishra,9338470307,GJ63FY9374,Ahmedabad,Sold,2024-04-20,2024-12-12,2,637723
VH0903,Royal Enfield,Classic 350,2016,Motorcycle,Petrol,Manual,Gold,210331,25.2,,,500.0,2,76544,3.4,Harpreet Shah,9812228196,GJ03QX6016,Surat,Available,2025-03-13,2024-12-29,8,63099
VH0089,MG,Hector,2021,SUV,Petrol,AMT,Maroon,1753987,23.7,,,1600.0,5,5520,8.3,Rajesh Kaur,9949738493,MH29AK2623,Pune,Available,2025-08-10,2024-08-25,3,1323348
VH0042,Skoda,Kushaq,2018,Compact SUV,CNG,Automatic,Yellow,1213468,28.0,,,1400.0,5,64840,4.8,Simran Nair,9784907325,TN36BB5786,Chennai,Sold,2024-07-29,2022-01-26,6,552322
VH0802,Mahindra,XUV300,2015,Compact SUV,Petrol,CVT,Brown,898621,32.9,,,1400.0,5,60869,3.5,Vikram Mishra,9552196329,PB52EU6782,Ludhiana,Sold,2026-07-15,2024-06-28,9,269586
VH0934,Toyota,Innova Crysta,2023,MPV,Diesel,DCT,Red,2844979,22.4,,,1650.0,7,70959,7.1,Ravi Agarwal,9189730334,MP78RC4956,Bhopal,Available,2024-07-10,2023-06-16,1,2415503
VH0132,Ather,450X,2022,Electric Scooter,Electric,Automatic,Grey,189987,,332.0,29.0,,2,92744,5.9,Gurpreet Dubey,9360482447,CH28GX2922,Chandigarh,Sold,2025-02-22,2024-03-23,2,141968
VH0002,Hero,Passion Pro,2015,Motorcycle,Petrol,Manual,White,79243,20.5,,,400.0,2,111582,1.8,Sunita Joshi,9507943839,TS36EG6514,Hyderabad,Available,2025-12-05,2023-06-26,9,23772
VH0158,Hyundai,Tucson,2018,SUV,Petrol,CVT,Green,3086501,32.8,,,2650.0,5,71546,4.6,Pooja Agarwal,9983993176,MP71QD2871,Indore,Under Maintenance,2024-03-26,2024-06-22,6,1384153
VH0095,Ford,Figo,2016,Hatchback,CNG,AMT,Brown,718919,32.4,,,1100.0,5,95800,2.8,Rohit Chauhan,9386389162,TS24PW9151,Hyderabad,Sold,2026-05-19,2022-06-11,8,215675
VH0855,Skoda,Slavia,2018,Sedan,CNG,DCT,White,1320946,27.3,,,1900.0,5,65530,4.8,Karthik Shah,9704270502,HR15DF3280,Faridabad,Available,2026-01-20,2024-05-30,6,600330
VH0345,Toyota,Camry,2017,Sedan,Petrol,AMT,Brown,5145117,23.8,,,1900.0,5,7384,6.3,Priya Menon,9911194689,UP82FG6653,Agra,Sold,2024-12-09,2024-08-08,7,2225859
VH0499,Kia,Carens,2021,MPV,Petrol,Manual,White,1311940,18.3,,,1800.0,7,86740,5.6,Meera Gupta,9592606909,CH52UK1196,Chandigarh,Available,2025-07-24,2024-01-26,3,883276
VH0165,MG,Astor,2016,SUV,CNG,Automatic,Green,1063144,31.3,,,2650.0,5,10715,5.6,Simran Rao,9101166414,HR97HN2494,Faridabad,Available,2024-09-28,2023-04-09,8,371340
VH0725,Maruti Suzuki,Celerio,2022,Hatchback,Petrol,CVT,Maroon,709595,48.0,,,800.0,5,34906,7.8,Deepak Rao,9211264367,MH52WQ8209,Pune,Available,2027-04-02,2022-08-17,2,571290
VH0291,Tata,Nexon,2017,Compact SUV,Diesel,Manual,Yellow,1032884,18.3,,,1050.0,5,6933,6.3,Ananya Shah,9853030195,DL74UM9026,Delhi,Available,2026-01-20,2023-03-29,7,447307
VH0209,Ford,Endeavour,2015,SUV,Petrol,CVT,Green,3190099,31.2,,,2100.0,5,103378,2.1,Anjali Patel,9836928463,UP05SW4111,Agra,Available,2026-09-01,2024-01-05,9,957029
VH0589,Skoda,Kushaq,2016,Compact SUV,Petrol,Manual,Brown,1186250,39.3,,,1300.0,5,4777,5.8,Sunita Pandey,9640480318,KA64XY9924,Bangalore,Available,2027-09-29,2023-08-17,8,421383
VH0897,Renault,Kiger,2021,Compact SUV,Petrol,Manual,Blue,1011260,41.4,,,1500.0,5,21016,7.8,Vikas Dubey,9804569703,BR94SJ4436,Patna,Available,2026-03-11,2023-01-28,3,747304
VH0642,Volkswagen,Polo,2016,Hatchback,Petrol,AMT,Yellow,788867,40.7,,,1100.0,5,106846,2.4,Rekha Verma,9128297197,MP39ZH1351,Indore,Sold,2025-02-05,2024-12-30,8,236660
VH0362,Hero,HF Deluxe,2019,Motorcycle,Petrol,Manual,Red,59305,18.6,,,200.0,2,37863,6.2,Manoj Verma,9158011705,HR61PF3617,Gurugram,Sold,2025-03-05,2024-06-09,5,33337
VH0779,Ford,EcoSport,2024,Compact SUV,Diesel,CVT,White,1355516,20.4,,,1400.0,5,57671,8.1,Kavya Shah,9570160357,PB60IS1871,Ludhiana,Available,2024-05-12,2022-12-17,0,1277342
VH0840,Hyundai,Alcazar,2018,SUV,Diesel,AMT,Gold,1887930,16.8,,,1900.0,5,60390,5.0,Vikas Rao,9424323843,GJ84AJ1573,Surat,Available,2025-02-23,2022-09-04,6,867711
VH0349,Tata,Nexon,2024,Compact SUV,Diesel,DCT,Gold,1407402,21.2,,,1050.0,5,39109,8.7,Vikas Rao,9846952406,MH78EM4027,Mumbai,Available,2026-08-14,2022-06-05,0,1352359
VH0945,Bajaj,Dominar 400,2021,Motorcycle,Petrol,Manual,Maroon,270426,52.8,,,350.0,2,25004,7.7,Gurpreet Yadav,9464997824,KL06FM4753,Kochi,Available,2025-08-24,2023-01-28,3,198762
VH0572,Toyota,Yaris,2018,Sedan,Petrol,DCT,Grey,1041688,30.1,,,1300.0,5,49190,5.4,Rajesh Mishra,9276978815,HR60PK7637,Faridabad,Available,2027-08-17,2024-05-18,6,490437
VH0918,Mahindra,KUV100,2024,Micro SUV,Petrol,Automatic,Maroon,872863,15.6,,,950.0,5,75810,7.5,Karthik Gupta,9396942296,UP06XC7467,Agra,Under Maintenance,2024-01-06,2023-03-07,0,806691
VH0977,Bajaj,Pulsar NS200,2016,Motorcycle,Petrol,Manual,Green,156621,21.0,,,250.0,2,48477,4.4,Amit Mishra,9828799173,UP45KV3608,Noida,Sold,2024-01-31,2023-11-18,8,48791
VH0914,Royal Enfield,Classic 350,2020,Motorcycle,Petrol,Manual,Silver,220801,16.1,,,150.0,2,71536,5.6,Priya Dubey,9969194628,KA76AD8814,Bangalore,Available,2024-08-06,2023-06-26,4,134349
VH0469,Tata,Nexon EV,2015,Electric SUV,Electric,Automatic,Grey,1610230,,306.0,4.4,,5,108193,1.9,Suresh Patel,9465933326,UP43IH2766,Noida,Sold,2025-11-14,2024-11-30,9,483069
VH0592,Bajaj,Pulsar NS200,2024,Motorcycle,Petrol,Manual,Green,204298,48.0,,,400.0,2,30773,9.0,Meera Kaur,9655422035,TN82MX3846,Chennai,Available,2024-07-22,2022-09-16,0,198011
VH0318,Kia,Carens,2022,MPV,Petrol,AMT,White,1407348,38.6,,,1300.0,7,46246,7.5,Priya Singh,9259188853,BR36TU4401,Patna,Available,2024-03-16,2022-10-25,2,1117088
VH0845,TVS,iQube Electric,2020,Electric Scooter,Electric,Automatic,Gold,144282,,122.0,50.4,,2,6104,7.8,Kavya Agarwal,9830507008,TN43LU8644,Chennai,Available,2025-12-04,2024-11-03,4,97231
VH0137,Ola Electric,S1 Air,2023,Electric Scooter,Electric,Automatic,Red,159131,,104.0,42.4,,2,25656,8.6,Sunita Rao,9663054538,HR87NZ3937,Faridabad,Available,2027-06-23,2024-12-14,1,142317
VH0459,Honda,Amaze,2023,Sedan,Diesel,CVT,White,971578,17.8,,,2000.0,5,119971,5.5,Manpreet Patel,9677174482,UP19LR3755,Lucknow,Under Maintenance,2027-02-10,2024-07-14,1,777290
VH0376,Hero,HF Deluxe,2024,Motorcycle,Petrol,Manual,Orange,81258,43.2,,,300.0,2,42000,8.6,Neha Patel,9225539035,RJ23WW3514,Jaipur,Available,2027-03-22,2022-09-17,0,77845
VH0343,Volkswagen,Polo,2022,Hatchback,Petrol,Automatic,Silver,982190,40.9,,,1000.0,5,103229,5.6,Amit Nair,9642879692,UP80AJ8942,Agra,Available,2025-07-23,2023-06-01,2,723649
VH0334,Tata,Safari,2023,SUV,Petrol,AMT,Green,2438480,23.8,,,1850.0,5,57011,7.6,Anjali Gupta,9973935331,BR21PM2082,Patna,Sold,2026-06-10,2023-12-02,1,2104381
VH0160,MG,Gloster,2017,SUV,Petrol,Automatic,Yellow,3438524,47.4,,,2750.0,5,92781,3.4,Arun Agarwal,9280793819,DL73LR5605,Delhi,Available,2025-08-22,2023-08-16,7,1193920
VH0761,Ather,450 Plus,2017,Electric Scooter,Electric,Automatic,Grey,151238,,178.0,38.5,,2,89704,3.5,Rajesh Chauhan,9309248642,BR11QF7513,Patna,Available,2025-03-30,2022-02-04,7,52978
VH0458,Renault,Kiger,2023,Compact SUV,Petrol,AMT,Green,1079975,25.0,,,1250.0,5,116650,5.6,Rahul Tiwari,9780259788,MH71NC8932,Nagpur,Available,2024-02-08,2023-07-06,1,867597
VH0817,Mahindra,Bolero,2015,MUV,Petrol,Automatic,Gold,1204889,24.8,,,2350.0,7,30347,4.5,Vikram Singh,9445106468,HR16WY2241,Faridabad,Sold,2024-11-28,2024-03-19,9,361466
VH0115,Ather,450 Plus,2021,Electric Scooter,Electric,Automatic,Green,172050,,344.0,64.0,,2,63293,6.4,Rohit Pandey,9804344630,TN38BJ2294,Chennai,Available,2025-03-14,2023-02-18,3,119868
VH0006,Royal Enfield,Meteor 350,2021,Motorcycle,Petrol,Manual,Yellow,268751,54.9,,,200.0,2,104319,5.0,Seema Rao,9264112119,MP64CY1771,Bhopal,Sold,2027-10-25,2024-05-14,3,176214
VH0857,Ola Electric,S1 Pro,2017,Electric Scooter,Electric,Automatic,Yellow,142397,,141.0,9.4,,2,104046,3.0,Rohit Agarwal,9382401272,RJ86GO9944,Jaipur,Available,2027-09-06,2023-01-15,7,47838
VH0955,Honda,City,2017,Sedan,Petrol,Manual,Silver,1352528,52.7,,,1250.0,5,100473,3.2,Vikas Shah,9194897028,MP27LM7518,Bhopal,Sold,2024-02-25,2024-03-02,7,459219
VH0851,Ather,450X,2021,Electric Scooter,Electric,Automatic,Maroon,200646,,258.0,72.5,,2,12565,8.1,Suresh Joshi,9609889702,HR63AM1633,Gurugram,Available,2024-06-18,2023-05-18,3,149969
VH0911,Skoda,Superb,2019,Sedan,Petrol,Manual,Red,4314663,26.3,,,1400.0,5,48182,5.9,Anjali Tiwari,9179883432,HR34ME5598,Faridabad,Under Maintenance,2024-06-02,2024-10-17,5,2380908
VH0930,Kia,Sonet,2019,Compact SUV,Petrol,Manual,Silver,964283,23.3,,,1100.0,5,20675,6.8,Rohit Kumar,9996302119,DL16XX4345,Delhi,Sold,2027-11-09,2022-05-10,5,558633
VH0126,MG,Hector,2017,SUV,Petrol,AMT,Orange,1534969,43.8,,,1850.0,5,108419,2.9,Manoj Agarwal,9555404004,CH97AJ8585,Chandigarh,Available,2025-04-15,2023-05-22,7,508966
VH0329,Kia,Carnival,2018,MPV,Diesel,CVT,Green,2824048,16.1,,,2000.0,7,27576,6.1,Rahul Shah,9700893588,GJ20FI2875,Ahmedabad,Available,2027-01-16,2023-12-19,6,1390629
VH0248,Ather,450X,2019,Electric Scooter,Electric,Automatic,Green,189156,,260.0,8.6,,2,77837,4.9,Rajesh Bhatt,9721589989,MH03QU1511,Mumbai,Available,2025-03-11,2022-03-17,5,98770
VH0319,Skoda,Octavia,2016,Sedan,Petrol,Manual,Blue,3621990,21.3,,,1650.0,5,12706,5.6,Kavya Bhatt,9486749612,UK85WW3906,Dehradun,Under Maintenance,2025-09-04,2023-10-24,8,1257895
VH0690,Honda,CR-V,2021,SUV,CNG,Automatic,Orange,3668627,28.7,,,2200.0,5,23962,7.7,Arun Agarwal,9305067526,HR45XN4502,Gurugram,Available,2024-01-22,2023-02-06,3,2700248
VH0359,Tata,Nexon EV,2019,Electric SUV,Electric,Automatic,Silver,1754704,,206.0,15.9,,5,104184,4.0,Rekha Bhatt,9143700111,MH71FO4991,Pune,Available,2027-07-18,2024-02-10,5,870010
VH0733,Kia,Seltos,2017,SUV,Petrol,CVT,Black,1055703,23.3,,,2400.0,5,10075,6.2,Vikas Verma,9442371535,PB62OD9797,Amritsar,Sold,2025-02-06,2024-09-06,7,453873
VH0168,Toyota,Innova Crysta,2024,MPV,Petrol,CVT,Grey,2974006,26.9,,,1500.0,7,27428,9.1,Harpreet Sharma,9806957378,GJ83CH5668,Ahmedabad,Sold,2026-11-26,2024-11-09,0,2892434
VH0013,Royal Enfield,Thunderbird 350,2015,Motorcycle,Petrol,Manual,Red,203035,54.4,,,150.0,2,18873,4.9,Arjun Gupta,9304235259,DL52XK2790,Delhi,Available,2026-05-14,2023-01-11,9,60910
VH0927,Kia,Sonet,2020,Compact SUV,Petrol,Manual,Black,927515,51.6,,,1300.0,5,31525,6.9,Vikas Gupta,9200376561,KA36US8370,Bangalore,Available,2027-06-06,2022-09-01,4,601470
VH0172,Tata,Safari,2021,SUV,Diesel,Manual,Silver,2151662,24.0,,,1650.0,5,18484,7.9,Manoj Singh,9228250953,MH79TB6067,Nagpur,Available,2027-12-07,2022-01-24,3,1595491
VH0650,Ford,Aspire,2021,Sedan,Petrol,Manual,Red,885006,53.1,,,1650.0,5,31724,7.4,Pooja Singh,9509408129,BR60NS9501,Patna,Available,2024-09-27,2022-02-01,3,644528
VH0062,Tata,Punch,2018,Micro SUV,Petrol,DCT,Gold,828105,46.4,,,800.0,5,84195,4.2,Manoj Menon,9727666622,GJ69DO7038,Ahmedabad,Available,2026-01-30,2022-08-10,6,360892
VH0261,Renault,Kiger,2017,Compact SUV,Petrol,Automatic,Yellow,819316,46.2,,,1400.0,5,12439,6.1,Neha Mishra,9782767320,UK90VW1852,Dehradun,Available,2024-10-24,2024-08-23,7,350307
VH0367,Volkswagen,Polo,2021,Hatchback,Diesel,Automatic,Brown,910389,19.5,,,1250.0,5,4906,8.3,Priya Dubey,9887564180,TN74AN1724,Chennai,Sold,2026-05-21,2024-12-23,3,687429
VH0549,Hyundai,Tucson,2018,SUV,Diesel,AMT,Brown,2998485,14.6,,,2850.0,5,63309,4.9,Simran Patel,9338129347,DL49NQ6020,Delhi,Available,2024-05-05,2024-11-10,6,1369381
VH0902,Renault,Kiger,2019,Compact SUV,CNG,Manual,White,928300,31.7,,,1450.0,5,59384,5.5,Arjun Verma,9338156941,GJ51IA9695,Ahmedabad,Under Maintenance,2025-05-04,2024-03-24,5,501853
VH0673,Skoda,Octavia,2023,Sedan,Diesel,AMT,Blue,4300963,22.0,,,1600.0,5,35668,8.3,Deepak Mishra,9379923825,HR41NM8240,Gurugram,Under Maintenance,2026-09-21,2023-03-25,1,3803479
VH0259,Ola Electric,S1 Pro,2021,Electric Scooter,Electric,Automatic,Yellow,180165,,276.0,66.4,,2,70768,6.1,Divya Bhatt,9372336071,GJ47DE7980,Surat,Available,2026-05-17,2024-01-19,3,124175
VH0845,TVS,iQube Electric,2020,Electric Scooter,Electric,Automatic,Gold,144282,,122.0,50.4,,2,6104,7.8,Kavya Agarwal,9830507008,TN43LU8644,Chennai,Available,2025-12-04,2024-11-03,4,97231
VH0868,Honda,Jazz,2021,Hatchback,Petrol,CVT,Grey,1050714,21.4,,,1050.0,5,13068,8.1,Ravi Agarwal,9388207655,DL06CI2760,Delhi,Available,2027-11-07,2024-05-16,3,784811
VH0800,Honda,Elevate,2018,SUV,Petrol,AMT,Red,1031089,16.4,,,2100.0,5,108503,3.4,Nisha Agarwal,9179375305,PB16HY1576,Amritsar,Available,2026-09-02,2024-03-01,6,424290
VH0139,Maruti Suzuki,Dzire,2016,Sedan,Petrol,AMT,Silver,732718,27.6,,,1350.0,5,37249,4.8,Pooja Verma,9179830621,MP06HG8790,Bhopal,Sold,2027-01-17,2022-03-09,8,236485
VH0894,Maruti Suzuki,Alto,2017,Hatchback,Petrol,AMT,Black,355076,38.3,,,1250.0,5,21129,5.8,Amit Pandey,9750867643,MP10TJ3271,Bhopal,Sold,2027-08-10,2024-11-20,7,148731
VH0838,Renault,Duster,2018,SUV,Petrol,Manual,Orange,1147519,22.9,,,1750.0,5,79380,4.4,Gurpreet Kaur,9591649559,TS27PX7366,Hyderabad,Under Maintenance,2024-12-04,2024-10-03,6,505619
VH0550,Hyundai,Tucson,2016,SUV,CNG,CVT,Red,2927028,28.5,,,2150.0,5,28284,5.1,Rahul Verma,9809132123,PB41BF1669,Ludhiana,Sold,2025-08-07,2024-08-24,8,970942
VH0320,Bajaj,Pulsar 150,2021,Motorcycle,Petrol,Manual,Black,146192,16.7,,,450.0,2,27900,7.6,Ananya Tiwari,9663334583,TN16WI6393,Chennai,Available,2027-06-07,2022-04-30,3,107027
VH0527,Royal Enfield,Bullet 350,2015,Motorcycle,Petrol,Manual,Black,168711,53.9,,,200.0,2,53452,3.7,Nisha Tiwari,9259524021,DL16QU6545,Delhi,Sold,2025-05-16,2022-03-11,9,50613
VH0806,Hero,HF Deluxe,2017,Motorcycle,Petrol,Manual,Black,62801,34.0,,,500.0,2,113516,2.7,Manpreet Joshi,9192073425,UP81BV2590,Agra,Available,2024-04-18,2023-11-10,7,20503
VH0178,Maruti Suzuki,WagonR,2019,Hatchback,Petrol,Automatic,Maroon,659582,23.8,,,1150.0,5,117885,3.6,Priya Patel,9658087211,DL19WI2524,Delhi,Available,2026-02-01,2024-07-27,5,317994
VH0559,Kia,Carens,2021,MPV,Diesel,AMT,White,1311772,21.4,,,1850.0,7,96114,5.3,Neha Singh,9302786799,MP12PF8526,Indore,Available,2025-01-04,2023-08-01,3,870867
VH0140,Ford,EcoSport,2018,Compact SUV,Petrol,Automatic,Maroon,1122951,43.2,,,1300.0,5,43980,5.5,Nisha Mishra,9826960759,MH39FS4939,Mumbai,Sold,2026-02-25,2022-10-14,6,534547
VH0735,Hero,Splendor Plus,2019,Motorcycle,Petrol,Manual,Blue,85732,38.7,,,450.0,2,114173,3.7,Ananya Kumar,9792863736,UP23KQ8918,Noida,Available,2026-12-25,2023-05-25,5,41650
VH0532,Skoda,Octavia,2023,Sedan,Diesel,AMT,Green,5062958,20.6,,,1550.0,5,64783,7.3,Manoj Agarwal,9577729523,KL06QZ5807,Kochi,Available,2027-11-24,2023-10-03,1,4329927
VH0225,Ford,Figo,2015,Hatchback,Petrol,Automatic,Black,652217,29.5,,,950.0,5,65691,3.3,Amit Dubey,9580035742,MH59OZ8341,Mumbai,Available,2027-08-31,2022-02-06,9,195665
VH0724,Renault,Kiger,2016,Compact SUV,Petrol,Manual,Maroon,813356,30.7,,,1400.0,5,80057,3.3,Pooja Agarwal,9229903401,MP50CZ7833,Indore,Sold,2027-08-18,2024-12-29,8,244006
VH0787,MG,ZS EV,2024,Electric SUV,Electric,Automatic,Blue,3031877,,330.0,10.4,,5,59211,8.0,Kavya Agarwal,9993106372,UP78ET6527,Lucknow,Available,2024-08-26,2022-05-15,0,2852356
VH0718,Hero,Splendor Plus,2017,Motorcycle,Petrol,Manual,Brown,78055,20.8,,,350.0,2,31265,5.5,Harpreet Kumar,9697472351,PB56NY1383,Amritsar,Sold,2026-02-07,2022-09-27,7,31903
VH0008,Hero,Splendor Plus,2019,Motorcycle,Petrol,Manual,White,88909,45.2,,,500.0,2,21674,6.8,Arun Gupta,9264109919,KA81JU9317,Bangalore,Available,2027-01-09,2024-12-22,5,51418
VH0410,TVS,Apache RTR 160,2018,Motorcycle,Petrol,Manual,Orange,138158,45.7,,,350.0,2,23457,6.2,Rekha Tiwari,9334084722,TS75XM4865,Hyderabad,Available,2025-03-14,2023-07-17,6,68601
VH0326,Ford,EcoSport,2019,Compact SUV,Petrol,Manual,Green,1112435,23.7,,,1350.0,5,26989,6.6,Sunita Yadav,9942827184,KL28QJ3867,Kochi,Available,2024-07-08,2024-06-27,5,637437
VH0766,Maruti Suzuki,Baleno,2023,Hatchback,CNG,DCT,White,842370,31.3,,,1150.0,5,115873,5.6,Ravi Shah,9587873317,PB85OJ3045,Ludhiana,Available,2025-11-30,2023-07-12,1,677372
VH0300,Tata,Altroz,2024,Hatchback,Petrol,DCT,Green,876799,17.5,,,1200.0,5,85991,7.1,Suresh Agarwal,9312717408,GJ90EY3209,Surat,Available,2027-03-16,2023-02-06,0,801402
VH0263,Maruti Suzuki,Alto,2023,Hatchback,CNG,Automatic,Brown,427834,31.0,,,1200.0,5,21136,8.8,Rohit Patel,9803321425,HR30TF1590,Faridabad,Available,2024-06-26,2023-07-20,1,384564
VH0946,Maruti Suzuki,Baleno,2022,Hatchback,Petrol,CVT,Green,865190,25.5,,,1000.0,5,32146,7.9,Harpreet Patel,9884669128,MP74QQ1368,Bhopal,Available,2027-02-12,2024-10-22,2,698947
VH0026,Honda,Elevate,2019,SUV,Petrol,CVT,Brown,1206447,27.4,,,2600.0,5,23310,6.7,Manoj Mishra,9827264603,KL71EG7888,Kochi,Sold,2027-06-14,2023-09-09,5,695745
VH0859,Ola Electric,S1 Pro,2019,Electric Scooter,Electric,Automatic,Green,175143,,135.0,27.9,,2,13482,7.1,Manoj Dubey,9613544342,PB62ZG4091,Ludhiana,Available,2024-12-19,2024-03-05,5,102724
VH0715,Maruti Suzuki,WagonR,2018,Hatchback,Petrol,AMT,Maroon,651220,25.3,,,1150.0,5,8852,6.7,Arjun Sharma,9861292088,UK82KD4626,Dehradun,Available,2027-06-06,2023-08-13,6,332869
VH0010,TVS,Jupiter,2019,Scooter,Petrol,Manual,Green,94190,38.9,,,100.0,2,85680,4.6,Simran Kumar,9528414718,BR97XW4295,Patna,Under Maintenance,2026-02-03,2024-06-16,5,48443
VH0194,TVS,Apache RTR 160,2021,Motorcycle,Petrol,Manual,Gold,162138,20.8,,,400.0,2,96179,5.3,Vikram Tiwari,9848609261,RJ07DK4367,Jaipur,Available,2027-01-11,2023-06-28,3,107630
VH0441,MG,ZS EV,2019,Electric SUV,Electric,Automatic,Grey,2673141,,295.0,42.7,,5,58054,5.6,Anjali Nair,9232052491,UP13EU6959,Agra,Sold,2026-05-01,2022-01-14,5,1448698
VH0574,Kia,Seltos,2018,SUV,CNG,Manual,Blue,1288660,30.6,,,2400.0,5,52684,5.2,Sanjay Sharma,9482949103,MP06BK2527,Indore,Sold,2026-10-21,2023-02-04,6,602211
VH0947,Mahindra,XUV300,2020,Compact SUV,Diesel,AMT,Grey,1173991,21.1,,,1500.0,5,28829,7.0,Seema Kumar,9356427918,HR44BJ1942,Faridabad,Available,2025-03-03,2023-12-29,4,764468
VH0998,Toyota,Yaris,2015,Sedan,CNG,DCT,Green,936668,28.8,,,1200.0,5,61210,3.5,Suresh Singh,9318997197,MH67HN5299,Mumbai,Sold,2025-12-07,2022-02-19,9,281000
VH0504,Maruti Suzuki,Baleno,2022,Hatchback,Petrol,Automatic,Silver,808931,54.7,,,950.0,5,56368,7.1,Rajesh Gupta,9353736066,TN12FS9992,Chennai,Available,2026-08-14,2023-09-30,2,633904
VH0606,Hyundai,Santro,2019,Hatchback,Petrol,AMT,Grey,609757,53.7,,,850.0,5,42817,6.1,Priya Sharma,9248964957,MH80DA4670,Pune,Available,2027-11-09,2024-06-11,5,339746
VH0717,Mahindra,KUV100,2021,Micro SUV,CNG,AMT,Gold,780641,33.5,,,850.0,5,98916,5.2,Vikram Chauhan,9496416310,UP63RL2361,Noida,Available,2025-10-07,2024-07-13,3,516069
VH0164,Honda,Elevate,2022,SUV,Petrol,Manual,Gold,1391741,20.5,,,2200.0,5,115397,5.2,Vikas Kumar,9270700744,CH55GW3161,Chandigarh,Sold,2025-07-15,2022-07-11,2,1008459
VH0787,MG,ZS EV,2024,Electric SUV,Electric,Automatic,Blue,3031877,,330.0,10.4,,5,59211,8.0,Kavya Agarwal,9993106372,UP78ET6527,Lucknow,Available,2024-08-26,2022-05-15,0,2852356
VH0847,Mahindra,KUV100,2018,Micro SUV,CNG,AMT,Gold,716700,32.3,,,1050.0,5,90651,4.0,Arjun Bhatt,9477027645,BR51QV7435,Patna,Sold,2024-08-05,2023-04-08,6,307714
VH0004,Volkswagen,Virtus,2020,Sedan,Diesel,CVT,Gold,1298812,20.7,,,1300.0,5,84386,5.2,Neha Pandey,9507437181,UK82FR5010,Dehradun,Available,2027-11-10,2023-03-26,4,773590
VH0287,Toyota,Glanza,2016,Hatchback,Diesel,Automatic,Green,735269,20.9,,,1050.0,5,64442,3.9,Simran Agarwal,9949830412,UP08BL3521,Noida,Available,2025-04-21,2023-10-11,8,220580
VH0223,Honda,Jazz,2022,Hatchback,Petrol,Manual,Brown,1114088,26.9,,,1300.0,5,92326,5.9,Manoj Kaur,9657379037,MP99XS4669,Bhopal,Available,2027-06-20,2022-07-15,2,832974
VH0468,Royal Enfield,Meteor 350,2022,Motorcycle,Petrol,Manual,Red,275101,30.1,,,350.0,2,26305,8.1,Simran Tiwari,9179929734,MH74ZA4696,Mumbai,Under Maintenance,2024-12-02,2023-11-06,2,223848
VH0322,TVS,iQube Electric,2017,Electric Scooter,Electric,Automatic,Brown,128192,,159.0,58.8,,2,105300,3.0,Divya Rao,9891850638,UP01DA8616,Lucknow,Sold,2027-06-14,2024-04-29,7,42905
VH0006,Royal Enfield,Meteor 350,2021,Motorcycle,Petrol,Manual,Yellow,268751,54.9,,,200.0,2,104319,5.0,Seema Rao,9264112119,MP64CY1771,Bhopal,Sold,2027-10-25,2024-05-14,3,176214
VH0223,Honda,Jazz,2022,Hatchback,Petrol,Manual,Brown,1114088,26.9,,,1300.0,5,92326,5.9,Manoj Kaur,9657379037,MP99XS4669,Bhopal,Available,2027-06-20,2022-07-15,2,832974
VH0375,Ola Electric,S1 Air,2022,Electric Scooter,Electric,Automatic,Red,137242,,133.0,73.9,,2,6702,8.8,Suresh Yadav,9409394722,KL22ZI4715,Kochi,Sold,2024-10-30,2023-12-25,2,114363
VH0548,Volkswagen,Polo,2019,Hatchback,Diesel,AMT,Brown,831471,21.2,,,850.0,5,30565,6.5,Vikram Bhatt,9775284722,HR94QT3968,Faridabad,Sold,2024-09-03,2022-09-28,5,473468
VH0229,Royal Enfield,Classic 350,2024,Motorcycle,Petrol,Manual,Green,243459,50.6,,,450.0,2,57229,8.1,Rahul Chauhan,9890503688,HR76QE9172,Gurugram,Available,2027-04-13,2024-09-16,0,229526
VH0040,TVS,iQube Electric,2022,Electric Scooter,Electric,Automatic,Blue,149632,,123.0,25.9,,2,98271,5.7,Suresh Agarwal,9670073085,WB89HJ7046,Kolkata,Available,2027-02-01,2023-11-09,2,110986
VH0543,Skoda,Kushaq,2022,Compact SUV,Petrol,AMT,Grey,1309931,14.2,,,1350.0,5,13782,8.5,Rohit Singh,9531717324,TS39LD1084,Hyderabad,Available,2026-06-01,2024-10-04,2,1082288
VH0243,Maruti Suzuki,Celerio,2017,Hatchback,Petrol,Automatic,Green,530458,30.0,,,1200.0,5,5975,6.3,Rahul Agarwal,9696001601,KL82EJ7113,Kochi,Available,2024-01-11,2024-03-18,7,230232
VH0899,Mahindra,Thar,2017,Off-Road SUV,Diesel,CVT,Maroon,1719090,18.3,,,2250.0,4,5539,6.3,Pooja Gupta,9873936345,DL18HQ9115,Delhi,Available,2024-01-19,2024-01-09,7,746877
VH0134,Ford,Aspire,2015,Sedan,Petrol,Automatic,Red,737397,14.7,,,1850.0,5,72673,3.1,Meera Bhatt,9994816400,KL20GK4768,Kochi,Available,2027-09-02,2023-11-23,9,221219
VH0449,Hero,Splendor Plus,2020,Motorcycle,Petrol,Manual,Silver,87513,30.5,,,500.0,2,64665,5.8,Divya Tiwari,9572532253,MP51IS9172,Bhopal,Sold,2026-05-03,2022-11-30,4,53849
VH0869,Hyundai,Creta,2015,SUV,Petrol,CVT,Grey,1205413,43.5,,,1950.0,5,20384,4.8,Rekha Agarwal,9479622962,GJ31HH5370,Surat,Sold,2024-02-17,2023-10-11,9,361623
VH0843,Volkswagen,Polo,2019,Hatchback,Diesel,Automatic,Black,908403,22.5,,,1300.0,5,6698,7.3,Manpreet Patel,9868336705,DL73NR9004,Delhi,Sold,2025-08-09,2024-01-16,5,538957
VH0419,Hero,HF Deluxe,2020,Motorcycle,Petrol,Manual,Black,67644,40.5,,,150.0,2,55981,6.1,Manoj Gupta,9865938642,CH61EK7513,Chandigarh,Available,2027-05-08,2023-06-09,4,42211
VH0654,Ola Electric,S1 Air,2024,Electric Scooter,Electric,Automatic,Black,146177,,241.0,59.5,,2,79219,7.4,Manoj Yadav,9680294485,DL92II1264,Delhi,Sold,2025-04-25,2023-12-18,0,134597
VH0970,Maruti Suzuki,WagonR,2023,Hatchback,Petrol,CVT,Green,688999,22.0,,,950.0,5,53100,7.7,Rohit Singh,9317560037,MH30CE6147,Nagpur,Available,2024-08-10,2024-08-14,1,597293
VH0662,Ather,450X,2019,Electric Scooter,Electric,Automatic,Gold,169268,,329.0,68.1,,2,47025,5.9,Gurpreet Verma,9179191190,TS76TT2765,Hyderabad,Sold,2026-07-08,2024-04-17,5,93600
VH0211,MG,Astor,2024,SUV,CNG,AMT,Red,1605534,29.7,,,2850.0,5,89720,7.0,Suresh Gupta,9637383490,UP75ST2166,Noida,Available,2026-02-20,2024-12-21,0,1461485
VH0315,Royal Enfield,Himalayan,2022,Adventure Motorcycle,Petrol,Manual,Black,272168,32.6,,,450.0,2,59403,7.0,Simran Rao,9197915848,MH12IK3686,Nagpur,Available,2027-07-22,2024-01-14,2,212453
VH0692,Hyundai,Creta,2022,SUV,Petrol,AMT,Silver,1419621,33.4,,,2850.0,5,93995,5.9,Priya Yadav,9130963459,UP97RZ2702,Noida,Sold,2024-11-09,2022-12-29,2,1059044
VH0504,Maruti Suzuki,Baleno,2022,Hatchback,Petrol,Automatic,Silver,808931,54.7,,,950.0,5,56368,7.1,Rajesh Gupta,9353736066,TN12FS9992,Chennai,Available,2026-08-14,2023-09-30,2,633904
VH0425,Honda,WR-V,2015,Compact SUV,CNG,Manual,Blue,941403,30.9,,,1050.0,5,35800,4.3,Rajesh Dubey,9587538394,TS20AC8540,Hyderabad,Sold,2027-05-01,2022-01-12,9,282420
VH0595,Hyundai,Tucson,2016,SUV,Diesel,Manual,Blue,3121287,19.5,,,1650.0,5,12660,5.6,Karthik Kumar,9381314639,KA59TD2754,Bangalore,Sold,2024-06-07,2024-10-09,8,1084147
VH0964,MG,ZS EV,2021,Electric SUV,Electric,Automatic,Black,2834297,,123.0,64.8,,5,74135,6.0,Divya Joshi,9990362496,WB74ML7667,Kolkata,Available,2026-09-13,2024-05-22,3,1943945
VH0623,Volkswagen,Vento,2018,Sedan,Petrol,DCT,Silver,1215521,25.9,,,1250.0,5,40086,5.7,Deepak Mishra,9205375617,MP46HZ7328,Indore,Sold,2027-05-07,2023-09-29,6,583345
VH0171,Ola Electric,S1 Air,2021,Electric Scooter,Electric,Automatic,Brown,142718,,121.0,53.4,,2,106414,5.0,Sanjay Joshi,9649009234,BR79EI2369,Patna,Under Maintenance,2024-11-14,2023-11-01,3,93278
VH0044,Honda,CR-V,2021,SUV,Petrol,DCT,Gold,4215338,23.3,,,2300.0,5,97504,5.2,Sanjay Bhatt,9766823010,WB58OJ8025,Kolkata,Available,2024-07-22,2023-03-02,3,2792644
VH0228,Honda,City,2017,Sedan,Petrol,Automatic,Black,1326370,44.4,,,1850.0,5,102922,3.1,Sunita Mishra,9331487470,KA33TG4072,Bangalore,Available,2025-01-25,2023-11-24,7,447090
VH0118,Hyundai,Venue,2021,Compact SUV,Diesel,Manual,Gold,1158863,17.2,,,1350.0,5,44414,7.0,Sanjay Bhatt,9747233283,RJ96JB1151,Jaipur,Available,2025-08-05,2024-07-19,3,829266
VH0332,Hero,Splendor Plus,2022,Motorcycle,Petrol,Manual,Orange,87437,40.4,,,450.0,2,87686,6.1,Rekha Yadav,9520989391,MP30HE5227,Indore,Available,2025-11-07,2023-10-28,2,65780
VH0316,Ola Electric,S1 Air,2023,Electric Scooter,Electric,Automatic,Brown,149581,,140.0,32.6,,2,23944,8.7,Nisha Nair,9274079423,WB06YF6491,Kolkata,Sold,2027-12-29,2022-04-16,1,134032
VH0067,Toyota,Fortuner,2023,SUV,CNG,Automatic,Green,4341814,33.7,,,1700.0,5,7368,9.3,Nisha Kaur,9116944811,CH46ZZ4898,Chandigarh,Available,2024-09-16,2024-05-12,1,3962478
VH0025,Ola Electric,S1 Pro,2021,Electric Scooter,Electric,Automatic,Gold,187819,,148.0,22.8,,2,87562,5.6,Manoj Gupta,9491079829,HR56AQ9821,Faridabad,Available,2025-11-07,2023-10-05,3,126296
VH0145,Bajaj,Pulsar NS200,2017,Motorcycle,Petrol,Manual,Yellow,151652,25.0,,,200.0,2,33490,5.4,Sanjay Dubey,9940381893,MH22NI7899,Mumbai,Available,2025-05-20,2024-10-12,7,61648
VH0537,Ola Electric,S1 Air,2024,Electric Scooter,Electric,Automatic,Orange,160935,,241.0,24.0,,2,103882,6.5,Neha Yadav,9965527175,KA07FK7382,Bangalore,Sold,2026-12-24,2024-04-04,0,144216
VH0812,Volkswagen,Virtus,2016,Sedan,CNG,DCT,Maroon,1058940,33.7,,,1200.0,5,91632,2.9,Vikram Dubey,9508040078,UP74AJ7236,Agra,Available,2027-10-08,2023-07-08,8,317682
VH0467,Royal Enfield,Classic 350,2020,Motorcycle,Petrol,Manual,Red,227511,54.8,,,300.0,2,95031,4.8,Rohit Chauhan,9914993363,KA88QO9119,Bangalore,Available,2025-04-04,2022-04-07,4,133086
VH0086,Ola Electric,S1 Pro,2020,Electric Scooter,Electric,Automatic,Yellow,181062,,258.0,12.9,,2,89152,5.0,Gurpreet Pandey,9146914391,WB20FF3712,Kolkata,Available,2025-05-01,2024-06-28,4,106980
VH0661,TVS,Apache RTR 160,2017,Motorcycle,Petrol,Manual,Maroon,139514,48.2,,,100.0,2,46947,4.9,Seema Chauhan,9516734375,HR22CE9436,Faridabad,Under Maintenance,2024-09-18,2024-04-03,7,54836
VH0646,MG,ZS EV,2022,Electric SUV,Electric,Automatic,Blue,2952193,,341.0,31.7,,5,66487,6.8,Vikas Menon,9442372191,BR38UH9631,Patna,Sold,2024-08-01,2022-04-21,2,2283559
VH0805,Royal Enfield,Bullet 350,2022,Motorcycle,Petrol,Manual,Blue,212956,22.5,,,200.0,2,26427,8.1,Divya Mishra,9717475789,GJ96VS3553,Ahmedabad,Sold,2024-11-04,2024-04-22,2,173255
VH0818,Skoda,Superb,2023,Sedan,CNG,Automatic,Yellow,5262967,33.2,,,1550.0,5,65239,7.3,Sanjay Singh,9169420993,MP01UV5123,Bhopal,Available,2025-12-05,2022-05-04,1,4498578
VH0577,Ford,Figo,2020,Hatchback,Petrol,AMT,Red,712091,43.2,,,1300.0,5,13267,7.6,Karthik Bhatt,9774083993,WB31GT2228,Kolkata,Under Maintenance,2024-01-31,2022-10-20,4,474774
VH0145,Bajaj,Pulsar NS200,2017,Motorcycle,Petrol,Manual,Yellow,151652,25.0,,,200.0,2,33490,5.4,Sanjay Dubey,9940381893,MH22NI7899,Mumbai,Available,2025-05-20,2024-10-12,7,61648
VH0363,Ford,Aspire,2015,Sedan,Petrol,Manual,Grey,760532,21.2,,,1200.0,5,55427,3.7,Gurpreet Pandey,9736413935,MP66DC4855,Indore,Available,2025-02-11,2023-10-30,9,228159
VH0612,Maruti Suzuki,Celerio,2017,Hatchback,CNG,Manual,White,564814,30.3,,,1050.0,5,56972,4.6,Deepak Gupta,9261727042,GJ16RC6806,Ahmedabad,Available,2026-11-06,2023-11-15,7,216339
VH0866,Skoda,Slavia,2018,Sedan,Petrol,CVT,Red,1174039,40.5,,,1950.0,5,19681,6.3,Rekha Bhatt,9592932560,MH32MP5435,Pune,Available,2025-06-05,2022-05-28,6,587394
VH0027,Ather,450X,2019,Electric Scooter,Electric,Automatic,Red,174701,,210.0,65.0,,2,118619,3.5,Kavya Gupta,9648868899,UK84KO8238,Dehradun,Available,2024-12-13,2022-06-23,5,84097
VH0031,Renault,Duster,2023,SUV,Petrol,Automatic,Black,1343626,17.2,,,1950.0,5,91457,6.5,Amit Nair,9261953189,PB35KK9849,Ludhiana,Available,2024-11-08,2023-03-15,1,1113251
VH0304,Ola Electric,S1 Pro,2019,Electric Scooter,Electric,Automatic,Black,154386,,172.0,18.5,,2,36061,6.3,Divya Sharma,9171508836,HR80IB8617,Faridabad,Available,2027-09-19,2024-01-08,5,87064
VH0356,Ford,EcoSport,2020,Compact SUV,Petrol,AMT,Gold,1073051,47.1,,,1500.0,5,5333,7.8,Gurpreet Bhatt,9350166446,MP59VR3440,Bhopal,Under Maintenance,2024-10-16,2024-09-28,4,723952
VH0731,TVS,iQube Electric,2024,Electric Scooter,Electric,Automatic,Red,162209,,332.0,3.5,,2,43690,8.5,Rohit Verma,9527876691,UP68HX4318,Agra,Sold,2026-11-05,2022-05-18,0,155122
VH0666,Volkswagen,Polo,2018,Hatchback,CNG,Automatic,Grey,787311,30.5,,,1200.0,5,108293,3.4,Ravi Gupta,9107156607,RJ04TB9844,Jaipur,Available,2024-02-22,2024-01-27,6,324141
VH0365,MG,ZS EV,2022,Electric SUV,Electric,Automatic,Brown,2955582,,261.0,31.0,,5,15063,8.5,Simran Bhatt,9164050550,GJ26KE1525,Ahmedabad,Available,2026-08-11,2024-07-28,2,2438168
VH0078,Hero,Passion Pro,2016,Motorcycle,Petrol,Manual,Green,77891,18.3,,,400.0,2,44155,4.5,Seema Kumar,9900801837,PB52QC7484,Amritsar,Available,2024-12-10,2022-06-06,8,24601
VH0028,Ola Electric,S1 Air,2016,Electric Scooter,Electric,Automatic,Brown,122100,,292.0,21.2,,2,80620,3.3,Rahul Verma,9362897676,KL29ZG3414,Kochi,Under Maintenance,2024-05-29,2024-07-21,8,36630
VH0437,Hero,HF Deluxe,2023,Motorcycle,Petrol,Manual,Orange,69663,51.3,,,350.0,2,55138,7.7,Vikas Kumar,9876309973,UK92VO3148,Dehradun,Sold,2027-10-10,2024-01-08,1,60248
VH0526,Hyundai,Tucson,2022,SUV,Diesel,DCT,Brown,3506952,21.0,,,1950.0,5,75955,6.5,Gurpreet Sharma,9488936964,TN27GZ4205,Chennai,Sold,2024-07-27,2022-10-30,2,2679469
VH0835,Tata,Nexon,2018,Compact SUV,Petrol,Manual,Red,1072501,37.9,,,1000.0,5,70784,4.6,Ananya Singh,9526470378,MH90CS7031,Pune,Available,2024-01-16,2023-07-31,6,481784
VH0056,Hyundai,i20,2018,Hatchback,CNG,Automatic,Blue,850282,29.3,,,850.0,5,104852,3.5,Simran Kumar,9131081879,UP91DO3725,Noida,Available,2024-04-24,2023-08-24,6,352992
VH0639,Honda,Jazz,2018,Hatchback,Petrol,DCT,Yellow,1025435,14.9,,,1000.0,5,75913,4.5,Seema Singh,9409311735,GJ50WL2113,Ahmedabad,Available,2025-05-09,2024-11-26,6,455382
VH0303,Honda,WR-V,2022,Compact SUV,Petrol,Manual,Brown,1191361,44.3,,,1150.0,5,19026,8.4,Ravi Dubey,9768986243,UP70QY5237,Lucknow,Sold,2027-11-24,2022-02-07,2,978076
VH0719,Honda,City,2021,Sedan,Diesel,Automatic,Blue,1566580,19.4,,,1450.0,5,55311,6.7,Ravi Tiwari,9477983555,RJ99YX7571,Jaipur,Sold,2027-05-12,2023-07-26,3,1103951
VH0625,Royal Enfield,Classic 350,2017,Motorcycle,Petrol,Manual,Brown,208233,42.5,,,500.0,2,60961,4.5,Deepak Pandey,9551514516,HR92LO6803,Gurugram,Under Maintenance,2024-02-26,2022-02-24,7,78928
VH0008,Hero,Splendor Plus,2019,Motorcycle,Petrol,Manual,White,88909,45.2,,,500.0,2,21674,6.8,Arun Gupta,9264109919,KA81JU9317,Bangalore,Available,2027-01-09,2024-12-22,5,51418
VH0804,Royal Enfield,Himalayan,2019,Adventure Motorcycle,Petrol,Manual,Green,255709,19.8,,,400.0,2,117144,3.6,Priya Gupta,9333193248,BR84OJ7752,Patna,Available,2024-11-16,2024-02-27,5,123470
VH0050,Hyundai,Verna,2023,Sedan,CNG,DCT,Maroon,1533543,31.3,,,1250.0,5,83078,6.7,Kavya Dubey,9230380269,UP35RE5719,Lucknow,Available,2027-05-31,2023-05-06,1,1283455
VH0337,Skoda,Superb,2020,Sedan,Petrol,DCT,White,4423015,54.4,,,1800.0,5,47586,6.4,Priya Sharma,9855220739,TN38BL9992,Chennai,Available,2024-08-12,2023-08-01,4,2797176
VH0048,Volkswagen,Polo,2017,Hatchback,Petrol,DCT,Blue,840190,51.6,,,900.0,5,88335,3.6,Suresh Yadav,9538460431,PB56UP2494,Amritsar,Available,2024-08-02,2022-11-26,7,295465
VH0764,Ather,450 Plus,2018,Electric Scooter,Electric,Automatic,Silver,158143,,256.0,49.7,,2,106273,3.5,Karthik Dubey,9983089574,MH08YN3298,Mumbai,Available,2025-05-11,2024-03-12,6,65428
VH0107,Maruti Suzuki,Baleno,2021,Hatchback,Petrol,AMT,Maroon,922463,22.8,,,1050.0,5,56982,6.6,Sanjay Agarwal,9108780419,DL07JP8710,Delhi,Sold,2024-10-01,2023-06-26,3,648508
VH0350,Hero,Passion Pro,2021,Motorcycle,Petrol,Manual,Silver,97147,41.4,,,350.0,2,8372,8.2,Harpreet Verma,9511027302,GJ21YC5543,Ahmedabad,Available,2025-06-12,2023-06-27,3,73018
VH0080,TVS,iQube Electric,2024,Electric Scooter,Electric,Automatic,Red,158093,,214.0,56.7,,2,61962,7.9,Seema Kaur,9262089272,PB83UT6295,Amritsar,Available,2026-06-24,2023-09-13,0,148297
VH0239,Ford,Aspire,2016,Sedan,Petrol,CVT,Black,740552,25.6,,,2000.0,5,25732,5.1,Suresh Verma,9418293546,MH66ZQ8300,Pune,Sold,2025-10-18,2024-11-18,8,247542
VH0214,Hyundai,Verna,2020,Sedan,Petrol,CVT,Silver,1394227,35.8,,,1200.0,5,50772,6.3,Arjun Yadav,9435106513,HR01UX5076,Gurugram,Available,2026-10-27,2023-09-19,4,877286
VH0776,Renault,Kiger,2015,Compact SUV,Diesel,DCT,Red,710926,24.9,,,1000.0,5,28807,4.5,Vikas Patel,9572828547,MP29WH5019,Indore,Sold,2024-10-24,2022-01-26,9,213277
VH0139,Maruti Suzuki,Dzire,2016,Sedan,Petrol,AMT,Silver,732718,27.6,,,1350.0,5,37249,4.8,Pooja Verma,9179830621,MP06HG8790,Bhopal,Sold,2027-01-17,2022-03-09,8,236485
VH0794,Volkswagen,Virtus,2015,Sedan,Petrol,AMT,Black,1086672,48.5,,,1500.0,5,29725,4.5,Priya Pandey,9238392700,MP33TA7479,Indore,Sold,2024-05-24,2022-08-23,9,326001
VH0587,Bajaj,Pulsar NS200,2020,Motorcycle,Petrol,Manual,Blue,166649,21.8,,,100.0,2,60268,6.0,Ananya Rao,9850886071,MH47AJ6029,Pune,Available,2026-04-27,2024-04-20,4,103277
VH0583,Kia,Carnival,2024,MPV,Petrol,DCT,Black,3745886,16.6,,,1850.0,8,23582,9.2,Harpreet Tiwari,9389747205,MP28BG1375,Indore,Available,2024-06-20,2022-10-18,0,3657550
VH0672,Royal Enfield,Classic 350,2017,Motorcycle,Petrol,Manual,White,205949,27.1,,,150.0,2,79281,3.9,Harpreet Dubey,9964062922,MH90MW3098,Pune,Sold,2026-04-23,2023-04-26,7,74289
VH0524,Bajaj,Pulsar 150,2020,Motorcycle,Petrol,Manual,White,125068,43.4,,,250.0,2,107325,4.4,Seema Dubey,9881034931,HR95BY3933,Faridabad,Available,2027-09-12,2022-11-23,4,71623
VH0233,Hyundai,Creta,2018,SUV,CNG,Automatic,Maroon,1351548,31.8,,,1700.0,5,59822,5.0,Harpreet Agarwal,9134688715,DL89ZJ4342,Delhi,Available,2024-07-28,2023-04-05,6,621952
VH0645,Hyundai,Venue,2022,Compact SUV,Diesel,CVT,Orange,1009522,16.5,,,1500.0,5,33294,7.9,Suresh Rao,9805008454,PB38ET7517,Ludhiana,Available,2027-01-18,2023-02-26,2,814387
VH0508,Tata,Tigor,2015,Sedan,Petrol,AMT,Brown,707059,20.7,,,1850.0,5,91785,2.4,Ananya Dubey,9781804304,GJ99YX6711,Ahmedabad,Sold,2024-04-28,2024-02-29,9,212117
VH0534,Ather,450 Plus,2019,Electric Scooter,Electric,Automatic,Maroon,149099,,331.0,15.5,,2,83018,4.7,Simran Nair,9675422885,MH11IV7968,Nagpur,Available,2025-07-05,2023-01-30,5,77081
VH0942,Toyota,Innova Crysta,2015,MPV,CNG,Manual,Green,2174129,33.7,,,1700.0,7,62581,3.4,Divya Menon,9791250747,BR68XA5286,Patna,Available,2026-10-17,2023-05-25,9,652238
VH0604,Volkswagen,Virtus,2016,Sedan,Petrol,AMT,White,1087721,27.4,,,1800.0,5,37772,4.7,Divya Bhatt,9104989688,PB74AJ1292,Ludhiana,Under Maintenance,2024-09-25,2024-04-04,8,350494
VH0330,Ford,Figo,2017,Hatchback,CNG,DCT,Brown,666364,25.7,,,1250.0,5,50779,4.8,Rahul Dubey,9825308245,TS70OB3131,Hyderabad,Available,2024-04-20,2022-06-26,7,259362
VH0075,Toyota,Fortuner,2024,SUV,Petrol,Manual,Green,4612337,41.1,,,2250.0,5,15034,9.5,Harpreet Chauhan,9222210617,UK57NI4531,Dehradun,Available,2025-08-03,2024-09-23,0,4542995
VH0305,Maruti Suzuki,Vitara Brezza,2021,Compact SUV,Diesel,AMT,Grey,1128875,21.2,,,1250.0,5,93884,5.4,Vikram Chauhan,9591759000,MP77RC4054,Indore,Available,2024-02-14,2022-03-23,3,751961
VH0061,Toyota,Innova Crysta,2019,MPV,CNG,AMT,Orange,2207747,26.3,,,2150.0,8,114584,3.7,Rekha Dubey,9965960427,MP65IF5210,Bhopal,Available,2025-11-24,2022-08-24,5,1071675
VH0264,MG,Gloster,2021,SUV,Petrol,Automatic,Yellow,3769080,44.2,,,1600.0,5,25996,7.6,Rohit Menon,9342982954,MH71JX6703,Mumbai,Sold,2026-07-20,2024-04-07,3,2766519
VH0093,Tata,Tiago,2018,Hatchback,Petrol,DCT,Maroon,683595,27.6,,,800.0,5,24391,6.2,Rajesh Pandey,9846668526,MH70KU3868,Pune,Available,2024-10-03,2022-05-10,6,338795
VH0667,Skoda,Superb,2022,Sedan,Petrol,Automatic,Blue,5476284,26.1,,,1350.0,5,36997,7.8,Suresh Menon,9193269322,HR91DO8082,Faridabad,Sold,2027-10-01,2022-08-27,2,4397472
VH0281,Royal Enfield,Meteor 350,2021,Motorcycle,Petrol,Manual,Red,270359,20.7,,,400.0,2,119769,4.5,Divya Patel,9654705830,WB29IC7917,Kolkata,Sold,2027-06-09,2023-07-11,3,173092
VH0114,TVS,Jupiter,2018,Scooter,Petrol,Manual,Black,86931,26.2,,,150.0,2,104755,3.5,Anjali Dubey,9474524558,KL91GW9011,Kochi,Available,2025-07-14,2023-08-13,6,36097
VH0360,Maruti Suzuki,Celerio,2016,Hatchback,Petrol,Manual,Brown,515000,17.7,,,1300.0,5,36013,4.8,Simran Nair,9321362854,PB37NW8798,Amritsar,Available,2026-12-07,2024-07-11,8,166853
VH0129,Ola Electric,S1 Pro,2021,Electric Scooter,Electric,Automatic,Green,169102,,115.0,46.8,,2,84820,5.7,Ravi Dubey,9150341410,PB95FU7999,Amritsar,Under Maintenance,2027-10-06,2024-02-20,3,114174
VH0170,Bajaj,Avenger 220,2020,Motorcycle,Petrol,Manual,Red,158861,21.1,,,450.0,2,103953,4.5,Pooja Gupta,9142763764,MH03SC1225,Mumbai,Under Maintenance,2026-03-26,2024-11-03,4,91511
VH0848,Hero,HF Deluxe,2018,Motorcycle,Petrol,Manual,Grey,64613,50.6,,,500.0,2,71536,4.6,Arjun Mishra,9425190875,KA64EC6022,Bangalore,Sold,2027-07-31,2022-07-17,6,28976
VH0522,Ather,450X,2021,Electric Scooter,Electric,Automatic,Red,210722,,181.0,63.8,,2,60872,6.5,Sunita Mishra,9109866101,HR17QV4639,Gurugram,Available,2025-10-09,2022-10-24,3,147321
VH0111,MG,Astor,2016,SUV,Petrol,DCT,Silver,1115837,50.8,,,2850.0,5,7231,5.8,Pooja Bhatt,9720230209,HR81AT8775,Faridabad,Available,2027-04-10,2024-09-10,8,393632
VH0043,Skoda,Superb,2022,Sedan,Petrol,CVT,Grey,4880309,16.1,,,1950.0,5,74272,6.5,Nisha Verma,9262915636,KA09MP2213,Bangalore,Available,2025-09-14,2022-06-24,2,3736989
VH0126,MG,Hector,2017,SUV,Petrol,AMT,Orange,1534969,43.8,,,1850.0,5,108419,2.9,Manoj Agarwal,9555404004,CH97AJ8585,Chandigarh,Available,2025-04-15,2023-05-22,7,508966
VH0205,Honda,Elevate,2015,SUV,Diesel,CVT,Brown,1007981,17.8,,,3000.0,5,12347,5.1,Neha Menon,9904190892,MP76RL6640,Indore,Sold,2025-08-06,2022-02-26,9,302394
VH0053,Hero,Xtreme 160R,2020,Motorcycle,Petrol,Manual,Maroon,152854,45.3,,,400.0,2,54341,6.2,Nisha Mishra,9350785761,MH42GW4912,Nagpur,Sold,2024-03-30,2023-10-14,4,95634
VH0546,Kia,EV6,2019,Electric SUV,Electric,Automatic,Silver,6552023,,225.0,46.2,,5,14639,7.0,Ananya Mishra,9241108650,HR92EK7551,Gurugram,Available,2024-02-13,2022-09-16,5,3835298
VH0069,Royal Enfield,Classic 350,2022,Motorcycle,Petrol,Manual,Yellow,254930,32.2,,,150.0,2,93843,5.9,Pooja Shah,9779760958,TS78EC3067,Hyderabad,Available,2025-10-27,2024-02-20,2,190217
VH0741,Ford,Aspire,2024,Sedan,Petrol,Manual,Orange,1009711,30.0,,,1950.0,5,36681,8.8,Priya Rao,9160252553,PB36TS7144,Ludhiana,Sold,2027-01-06,2024-01-27,0,972673
VH0548,Volkswagen,Polo,2019,Hatchback,Diesel,AMT,Brown,831471,21.2,,,850.0,5,30565,6.5,Vikram Bhatt,9775284722,HR94QT3968,Faridabad,Sold,2024-09-03,2022-09-28,5,473468
VH0184,Hero,Splendor Plus,2017,Motorcycle,Petrol,Manual,Silver,82127,31.8,,,400.0,2,36542,5.3,Neha Yadav,9330549659,MP04MV7990,Indore,Under Maintenance,2025-07-27,2024-07-02,7,33134
VH0138,MG,Astor,2021,SUV,Petrol,CVT,White,1490406,32.8,,,1850.0,5,49936,6.8,Divya Verma,9200395400,HR29JV2320,Faridabad,Available,2027-02-05,2024-09-01,3,1058283
VH0900,Ford,Figo,2020,Hatchback,Petrol,Manual,Brown,773302,47.8,,,1200.0,5,77896,5.4,Pooja Chauhan,9519500392,UP28EK9273,Lucknow,Sold,2027-06-08,2023-02-07,4,465608
VH0797,MG,Gloster,2017,SUV,Petrol,DCT,Blue,3429354,41.2,,,2300.0,5,45241,5.0,Priya Bhatt,9115259090,UP99GX6208,Lucknow,Under Maintenance,2025-05-28,2022-12-26,7,1353768
VH0133,Ather,450 Plus,2019,Electric Scooter,Electric,Automatic,Blue,149068,,236.0,54.1,,2,62037,5.4,Kavya Rao,9962017778,KL34LQ9147,Kochi,Under Maintenance,2025-10-17,2023-02-21,5,80193
VH0081,Hyundai,Alcazar,2023,SUV,Petrol,CVT,Yellow,2118576,15.5,,,2050.0,5,104285,6.0,Meera Pandey,9723123952,KL10UC9307,Kochi,Available,2024-03-25,2024-07-10,1,1728154
VH0987,Renault,Triber,2020,MPV,Petrol,DCT,White,1081916,29.2,,,1650.0,7,51130,6.3,Rahul Dubey,9657202202,BR91ML6993,Patna,Available,2027-02-18,2023-10-27,4,680384
VH0541,Maruti Suzuki,Alto,2015,Hatchback,Petrol,DCT,Blue,369229,24.0,,,1300.0,5,48610,3.9,Neha Chauhan,9341665544,MP88TB8350,Bhopal,Available,2024-09-30,2024-11-18,9,110768
VH0542,Hyundai,Santro,2022,Hatchback,Petrol,Automatic,Grey,619166,18.6,,,1300.0,5,792,9.0,Sanjay Dubey,9415191584,PB70YD5752,Ludhiana,Available,2027-07-16,2024-03-17,2,519609
VH0669,Ather,450X,2015,Electric Scooter,Electric,Automatic,Grey,149460,,250.0,32.4,,2,65606,3.3,Karthik Dubey,9973885029,PB87GI8702,Ludhiana,Available,2025-08-01,2022-09-27,9,44838
VH0984,Hyundai,Tucson,2015,SUV,CNG,AMT,Red,2866850,31.2,,,2550.0,5,98341,2.2,Neha Menon,9681721208,MH73BA3045,Nagpur,Available,2025-12-02,2024-02-07,9,860055
VH0166,Hero,Splendor Plus,2015,Motorcycle,Petrol,Manual,Red,73164,47.5,,,400.0,2,14026,5.0,Meera Joshi,9884651200,HR17PC4751,Faridabad,Sold,2025-10-03,2024-01-23,9,21949
VH0249,Volkswagen,Virtus,2017,Sedan,CNG,AMT,Green,1140711,32.7,,,1650.0,5,31810,5.4,Meera Yadav,9639198004,TN60QQ2483,Chennai,Available,2027-06-11,2022-12-06,7,465626
VH0447,Skoda,Kushaq,2022,Compact SUV,CNG,Automatic,Maroon,1499477,34.9,,,1450.0,5,107334,5.4,Rohit Kumar,9405517657,HR81VR4831,Faridabad,Sold,2027-03-19,2022-10-14,2,1098615
VH0515,TVS,Ntorq 125,2024,Scooter,Petrol,Manual,White,122069,29.2,,,150.0,2,114936,6.2,Meera Shah,9161462633,TS31LV7528,Hyderabad,Under Maintenance,2025-11-07,2022-07-25,0,108038
VH0859,Ola Electric,S1 Pro,2019,Electric Scooter,Electric,Automatic,Green,175143,,135.0,27.9,,2,13482,7.1,Manoj Dubey,9613544342,PB62ZG4091,Ludhiana,Available,2024-12-19,2024-03-05,5,102724
VH0212,Royal Enfield,Classic 350,2017,Motorcycle,Petrol,Manual,White,193857,22.2,,,400.0,2,23676,5.7,Harpreet Joshi,9623535947,PB59EK3954,Amritsar,Available,2025-10-03,2022-04-29,7,80707
VH0098,Hyundai,Venue,2022,Compact SUV,CNG,CVT,Green,1087901,25.8,,,1100.0,5,65910,6.8,Arjun Rao,9127824235,MP47MK5566,Bhopal,Sold,2026-11-26,2024-03-03,2,842133
VH0974,Mahindra,Thar,2015,Off-Road SUV,Diesel,Automatic,Grey,1656049,23.4,,,2450.0,4,45082,4.0,Rekha Tiwari,9284275160,KA81GI9510,Bangalore,Available,2026-10-03,2024-06-15,9,496814
VH0738,Mahindra,XUV700,2021,SUV,Diesel,Automatic,Silver,2043167,14.0,,,3000.0,5,62363,6.4,Harpreet Menon,9345590089,MP61UT7830,Bhopal,Under Maintenance,2025-09-13,2024-01-30,3,1425388
VH0256,Tata,Harrier,2021,SUV,Petrol,Automatic,Black,1747549,22.3,,,2850.0,5,115548,4.6,Neha Dubey,9760080817,MP88NE2577,Bhopal,Available,2026-12-24,2024-10-27,3,1126211
VH0103,Kia,Carens,2019,MPV,Diesel,CVT,Gold,1315041,13.2,,,2300.0,7,4218,7.4,Rajesh Bhatt,9144232045,PB75EF6531,Amritsar,Sold,2024-06-15,2022-04-04,5,783477
VH0435,Ford,EcoSport,2016,Compact SUV,Petrol,AMT,Grey,1059877,44.2,,,1450.0,5,80649,3.3,Meera Dubey,9651211504,UP71JB8987,Agra,Available,2027-10-21,2024-09-26,8,317963
VH0075,Toyota,Fortuner,2024,SUV,Petrol,Manual,Green,4612337,41.1,,,2250.0,5,15034,9.5,Harpreet Chauhan,9222210617,UK57NI4531,Dehradun,Available,2025-08-03,2024-09-23,0,4542995
VH0792,Hero,HF Deluxe,2018,Motorcycle,Petrol,Manual,Grey,64571,17.0,,,250.0,2,15747,6.5,Priya Mishra,9321222848,MP27SU1255,Indore,Under Maintenance,2025-08-17,2022-01-10,6,32560
VH0235,Volkswagen,Vento,2024,Sedan,Petrol,Automatic,Silver,1474331,42.9,,,1750.0,5,89977,7.0,Harpreet Gupta,9415870923,PB70XT4218,Amritsar,Available,2024-06-01,2023-01-18,0,1341675
VH0919,Honda,Elevate,2015,SUV,Petrol,Manual,Gold,981444,32.3,,,1700.0,5,89670,2.5,Anjali Tiwari,9506652481,UP83ZD7041,Agra,Sold,2025-07-17,2024-06-27,9,294433
VH0712,Volkswagen,Taigun,2022,Compact SUV,Petrol,Automatic,Brown,1528214,51.0,,,1400.0,5,95371,5.8,Rohit Verma,9257572094,PB59BC6350,Amritsar,Sold,2027-07-30,2022-07-27,2,1137952
VH0671,Mahindra,XUV300,2018,Compact SUV,CNG,AMT,Grey,1072767,31.3,,,1450.0,5,55497,5.2,Arjun Rao,9910633311,MH70PJ2581,Pune,Sold,2026-07-04,2023-10-29,6,498303
VH0621,Honda,City,2022,Sedan,Diesel,AMT,Grey,1534657,18.8,,,1650.0,5,2543,8.9,Suresh Kumar,9169381431,UK72VF5974,Dehradun,Sold,2026-07-18,2022-03-25,2,1285209
VH0763,Toyota,Camry,2024,Sedan,Petrol,Automatic,Red,5937108,53.3,,,1800.0,5,39820,8.7,Kavya Kaur,9246157602,KL50QN8807,Kochi,Sold,2024-01-01,2022-06-03,0,5700692
VH0990,Kia,EV6,2022,Electric SUV,Electric,Automatic,Red,8071768,,343.0,44.2,,5,20119,8.3,Rahul Shah,9385351632,PB55OK1750,Ludhiana,Under Maintenance,2027-11-28,2022-08-12,2,6617889
VH0389,Mahindra,KUV100,2019,Micro SUV,Petrol,Manual,White,757267,49.1,,,900.0,5,103264,4.1,Karthik Joshi,9556130975,HR30JE4438,Faridabad,Sold,2024-08-16,2022-06-09,5,376161
VH0236,Ola Electric,S1 Pro,2021,Electric Scooter,Electric,Automatic,Yellow,160981,,171.0,46.7,,2,5735,8.3,Anjali Pandey,9862023079,TN21SI1092,Chennai,Under Maintenance,2024-11-10,2023-10-23,3,121422
VH0507,Ford,Endeavour,2022,SUV,Diesel,Automatic,Red,4582633,12.1,,,2850.0,5,49408,7.4,Meera Tiwari,9523751880,MP94XL9051,Bhopal,Under Maintenance,2026-02-25,2024-09-29,2,3622992
VH0268,Kia,EV6,2018,Electric SUV,Electric,Automatic,Yellow,6466488,,161.0,71.9,,5,89080,4.0,Karthik Rao,9228718546,UP30GH6833,Lucknow,Under Maintenance,2027-09-20,2024-10-05,6,2786539
VH0188,Maruti Suzuki,Ertiga,2024,MPV,Petrol,Automatic,Yellow,1319596,21.7,,,2050.0,8,63150,7.9,Arjun Shah,9334944315,RJ63BC1920,Jaipur,Available,2024-01-02,2023-11-11,0,1236263
VH0118,Hyundai,Venue,2021,Compact SUV,Diesel,Manual,Gold,1158863,17.2,,,1350.0,5,44414,7.0,Sanjay Bhatt,9747233283,RJ96JB1151,Jaipur,Available,2025-08-05,2024-07-19,3,829266
VH0607,Mahindra,Thar,2018,Off-Road SUV,Diesel,CVT,Maroon,1911896,19.0,,,2000.0,4,104260,3.5,Amit Menon,9453614288,GJ06DB5985,Ahmedabad,Sold,2026-02-16,2023-07-07,6,794851
VH0674,Hyundai,Tucson,2022,SUV,Petrol,Automatic,Black,3797565,20.8,,,1800.0,5,95163,5.8,Karthik Shah,9679570741,UP15TT6401,Noida,Available,2024-02-13,2024-02-16,2,2828566
VH0250,Toyota,Urban Cruiser,2017,Compact SUV,Diesel,DCT,Gold,1060226,20.6,,,1100.0,5,48922,4.9,Arjun Dubey,9348839570,UP94PL1662,Agra,Available,2025-04-24,2022-03-29,7,414631
VH0453,Ola Electric,S1 Air,2022,Electric Scooter,Electric,Automatic,Maroon,146446,,138.0,71.4,,2,6505,8.8,Meera Patel,9524554436,TS12ZT7711,Hyderabad,Available,2027-10-05,2024-06-26,2,122062
VH0995,Renault,Triber,2016,MPV,CNG,CVT,Green,824297,25.1,,,1800.0,8,40249,4.7,Ravi Singh,9832286490,DL67GU7974,Delhi,Available,2025-08-05,2024-11-30,8,263569
VH0095,Ford,Figo,2016,Hatchback,CNG,AMT,Brown,718919,32.4,,,1100.0,5,95800,2.8,Rohit Chauhan,9386389162,TS24PW9151,Hyderabad,Sold,2026-05-19,2022-06-11,8,215675
VH0034,Maruti Suzuki,Baleno,2021,Hatchback,Diesel,AMT,Blue,803326,15.4,,,1050.0,5,62144,6.4,Pooja Tiwari,9370874491,UP59KK7211,Lucknow,Sold,2024-02-09,2022-04-17,3,560605
VH0464,Mahindra,KUV100,2015,Micro SUV,Petrol,AMT,Maroon,670946,21.9,,,800.0,5,80905,2.8,Manoj Yadav,9305634099,PB96AY5606,Ludhiana,Available,2027-07-04,2023-09-13,9,201283
VH0668,Tata,Harrier,2016,SUV,CNG,Automatic,Grey,1577582,27.8,,,2500.0,5,92919,2.9,Simran Kaur,9141185351,UP66VY2213,Agra,Available,2026-12-03,2023-10-13,8,473274
VH0449,Hero,Splendor Plus,2020,Motorcycle,Petrol,Manual,Silver,87513,30.5,,,500.0,2,64665,5.8,Divya Tiwari,9572532253,MP51IS9172,Bhopal,Sold,2026-05-03,2022-11-30,4,53849
VH0717,Mahindra,KUV100,2021,Micro SUV,CNG,AMT,Gold,780641,33.5,,,850.0,5,98916,5.2,Vikram Chauhan,9496416310,UP63RL2361,Noida,Available,2025-10-07,2024-07-13,3,516069
VH0810,MG,Hector,2017,SUV,Diesel,DCT,Yellow,1472716,17.1,,,1700.0,5,105268,3.0,Sanjay Joshi,9480868948,KA86GU6254,Bangalore,Sold,2026-10-10,2022-02-02,7,492965
VH0518,Bajaj,Dominar 400,2024,Motorcycle,Petrol,Manual,Orange,298759,19.9,,,500.0,2,72425,7.6,Suresh Joshi,9423570275,PB92QB3094,Amritsar,Sold,2026-08-14,2022-12-11,0,277121
VH0001,Honda,City,2019,Sedan,Diesel,Automatic,Grey,1260785,13.3,,,1300.0,5,74063,5.0,Vikram Patel,9642621108,PB55BA2535,Amritsar,Sold,2025-02-11,2024-05-09,5,663093
VH0376,Hero,HF Deluxe,2024,Motorcycle,Petrol,Manual,Orange,81258,43.2,,,300.0,2,42000,8.6,Neha Patel,9225539035,RJ23WW3514,Jaipur,Available,2027-03-22,2022-09-17,0,77845
VH0102,Toyota,Camry,2024,Sedan,Diesel,Automatic,Red,6106972,23.8,,,1250.0,5,68512,7.7,Neha Kaur,9861639583,KA67EJ3697,Bangalore,Available,2025-08-04,2022-06-11,0,5688571
VH0109,Honda,Jazz,2020,Hatchback,CNG,DCT,Orange,1176131,32.5,,,950.0,5,105877,4.5,Priya Verma,9247141682,UK66MQ1659,Dehradun,Sold,2026-08-28,2024-11-29,4,675243
VH0227,Hero,Passion Pro,2023,Motorcycle,Petrol,Manual,Blue,104755,38.6,,,350.0,2,105346,6.0,Rahul Kaur,9481327572,HR58DD4633,Faridabad,Sold,2025-08-20,2024-12-05,1,85339
VH0083,Mahindra,XUV300,2020,Compact SUV,CNG,AMT,Blue,1132679,28.4,,,1450.0,5,37743,6.7,Anjali Rao,9699108439,DL81UK2079,Delhi,Sold,2025-05-31,2022-11-04,4,727471
VH0289,Hero,Passion Pro,2024,Motorcycle,Petrol,Manual,Maroon,110629,36.7,,,150.0,2,84127,7.2,Ravi Yadav,9587563596,MP20OJ5314,Bhopal,Available,2026-11-02,2024-02-16,0,101322
VH0677,Volkswagen,Polo,2016,Hatchback,Petrol,DCT,Blue,818984,45.3,,,1100.0,5,109482,2.4,Sunita Bhatt,9951069250,CH02XR3487,Chandigarh,Available,2027-05-25,2023-10-02,8,245695
VH0921,Hero,Passion Pro,2018,Motorcycle,Petrol,Manual,Orange,83530,50.1,,,200.0,2,46092,5.5,Suresh Chauhan,9170110003,KL36FN1225,Kochi,Available,2025-09-12,2023-04-05,6,39585
VH0047,Hero,Passion Pro,2021,Motorcycle,Petrol,Manual,Gold,101340,34.5,,,450.0,2,12470,8.1,Gurpreet Kaur,9748232591,MH11TB8078,Nagpur,Available,2025-04-13,2022-02-12,3,75754
VH0771,Ola Electric,S1 Pro,2021,Electric Scooter,Electric,Automatic,Red,185121,,260.0,61.7,,2,54520,6.7,Rahul Kaur,9206090203,GJ86AG3961,Surat,Available,2024-02-28,2024-07-24,3,130599
VH0947,Mahindra,XUV300,2020,Compact SUV,Diesel,AMT,Grey,1173991,21.1,,,1500.0,5,28829,7.0,Seema Kumar,9356427918,HR44BJ1942,Faridabad,Available,2025-03-03,2023-12-29,4,764468
VH0281,Royal Enfield,Meteor 350,2021,Motorcycle,Petrol,Manual,Red,270359,20.7,,,400.0,2,119769,4.5,Divya Patel,9654705830,WB29IC7917,Kolkata,Sold,2027-06-09,2023-07-11,3,173092
VH0581,Bajaj,Pulsar 150,2018,Motorcycle,Petrol,Manual,Brown,121953,33.0,,,150.0,2,96415,3.8,Vikas Pandey,9217165692,MH60OU9767,Pune,Available,2024-08-09,2024-03-23,6,51657
VH0489,Mahindra,XUV700,2016,SUV,Petrol,CVT,Black,1592548,25.9,,,2300.0,5,54352,4.2,Rahul Singh,9450868832,MH59BL9495,Mumbai,Sold,2026-03-11,2022-11-18,8,486759
VH0405,Kia,Carnival,2016,MPV,CNG,DCT,Silver,2879064,29.3,,,2150.0,8,82792,3.2,Kavya Agarwal,9293918682,UP54MI9443,Lucknow,Sold,2027-12-11,2024-11-23,8,863719
VH0728,Skoda,Superb,2022,Sedan,CNG,Automatic,Blue,5395824,32.0,,,1400.0,5,77076,6.4,Rahul Gupta,9726238846,UK38MI4734,Dehradun,Available,2024-01-25,2023-06-16,2,4116603
VH0299,Ola Electric,S1 Pro,2017,Electric Scooter,Electric,Automatic,Blue,140478,,287.0,81.8,,2,52184,4.8,Amit Patel,9563787397,MH97TS9269,Nagpur,Available,2024-10-30,2022-09-28,7,54479
VH0341,Hyundai,Grand i10,2020,Hatchback,Petrol,DCT,Orange,664406,42.3,,,900.0,5,80463,5.3,Kavya Chauhan,9184003766,UP94QY5578,Agra,Available,2024-06-30,2023-05-18,4,398335
VH0105,Hero,HF Deluxe,2020,Motorcycle,Petrol,Manual,Orange,67927,26.8,,,350.0,2,61641,5.9,Ananya Agarwal,9214014134,UP45ME7070,Agra,Available,2024-09-07,2023-07-02,4,42003
VH0689,TVS,Ntorq 125,2019,Scooter,Petrol,Manual,Gold,111807,27.0,,,100.0,2,64737,5.3,Simran Nair,9569486359,UK28FU5550,Dehradun,Available,2027-11-24,2023-05-29,5,59846
VH0306,Ola Electric,S1 Air,2020,Electric Scooter,Electric,Automatic,White,133080,,290.0,15.0,,2,82523,5.2,Arjun Chauhan,9396222040,MH88LL5953,Pune,Sold,2025-06-11,2024-03-03,4,79512
VH0827,Bajaj,Pulsar NS200,2019,Motorcycle,Petrol,Manual,Blue,176297,28.9,,,100.0,2,74146,5.0,Anjali Yadav,9985661745,MP32HU1050,Indore,Sold,2024-10-26,2023-07-13,5,92706
VH0063,Renault,Kiger,2015,Compact SUV,Petrol,DCT,Black,734280,39.0,,,1500.0,5,5377,5.3,Divya Tiwari,9225279834,MH82OW5951,Mumbai,Available,2025-09-15,2024-10-05,9,220284
VH0853,Hero,Splendor Plus,2023,Motorcycle,Petrol,Manual,Silver,88022,25.3,,,400.0,2,23295,8.7,Nisha Rao,9849704323,BR84XB5148,Patna,Available,2026-07-14,2023-08-24,1,78929
VH0354,Hyundai,i20,2020,Hatchback,Petrol,CVT,Orange,807392,32.8,,,1000.0,5,118000,4.1,Meera Gupta,9420909585,UP26FR1644,Noida,Sold,2024-08-06,2024-01-06,4,453754
VH0224,Renault,Kiger,2020,Compact SUV,Petrol,Automatic,Grey,963923,36.9,,,1450.0,5,10312,7.7,Seema Dubey,9632398698,DL02UF9283,Delhi,Sold,2026-10-03,2023-10-19,4,645527
VH0146,Kia,EV6,2016,Electric SUV,Electric,Automatic,Red,5892981,,101.0,77.9,,5,113157,2.2,Kavya Kaur,9562370643,TS80MZ6399,Hyderabad,Sold,2027-08-26,2022-10-06,8,1767894
VH0089,MG,Hector,2021,SUV,Petrol,AMT,Maroon,1753987,23.7,,,1600.0,5,5520,8.3,Rajesh Kaur,9949738493,MH29AK2623,Pune,Available,2025-08-10,2024-08-25,3,1323348
VH0374,Royal Enfield,Meteor 350,2017,Motorcycle,Petrol,Manual,Orange,238859,31.2,,,100.0,2,76351,4.0,Rajesh Chauhan,9792211324,KL25CA4806,Kochi,Available,2025-12-03,2023-10-31,7,86860
VH0421,Ather,450X,2024,Electric Scooter,Electric,Automatic,Silver,200742,,143.0,42.5,,2,15814,9.5,Simran Chauhan,9564854683,TS60EC6198,Hyderabad,Available,2025-10-03,2022-04-01,0,197567
VH0143,Bajaj,Dominar 400,2020,Motorcycle,Petrol,Manual,Brown,259213,14.2,,,300.0,2,73505,5.5,Karthik Joshi,9301210399,MH47YI2674,Nagpur,Available,2027-02-10,2024-11-15,4,157211
VH0827,Bajaj,Pulsar NS200,2019,Motorcycle,Petrol,Manual,Blue,176297,28.9,,,100.0,2,74146,5.0,Anjali Yadav,9985661745,MP32HU1050,Indore,Sold,2024-10-26,2023-07-13,5,92706
VH0495,Hero,Xtreme 160R,2022,Motorcycle,Petrol,Manual,Red,155131,36.5,,,250.0,2,80059,6.3,Rajesh Singh,9283168644,HR57EP5573,Faridabad,Sold,2024-07-24,2022-12-29,2,117890
VH0602,Toyota,Glanza,2016,Hatchback,Petrol,CVT,Black,759953,43.4,,,950.0,5,28310,5.1,Ravi Joshi,9514025061,MH73ZK4811,Nagpur,Available,2026-12-15,2023-03-22,8,252068
VH0271,MG,Astor,2017,SUV,Petrol,CVT,Orange,1143669,33.3,,,2450.0,5,48351,4.9,Vikram Tiwari,9852384450,TS47FP7945,Hyderabad,Sold,2026-03-31,2023-07-27,7,447916
VH0010,TVS,Jupiter,2019,Scooter,Petrol,Manual,Green,94190,38.9,,,100.0,2,85680,4.6,Simran Kumar,9528414718,BR97XW4295,Patna,Under Maintenance,2026-02-03,2024-06-16,5,48443
VH0450,Ola Electric,S1 Pro,2022,Electric Scooter,Electric,Automatic,Yellow,187802,,133.0,79.5,,2,73772,6.5,Kavya Dubey,9135011913,MP68DW4483,Bhopal,Sold,2026-01-26,2022-09-01,2,143899
VH0709,TVS,Ntorq 125,2023,Scooter,Petrol,Manual,Grey,130076,18.6,,,100.0,2,93241,6.4,Karthik Sharma,9461975213,GJ69YM2310,Surat,Under Maintenance,2027-04-23,2023-06-13,1,107541
VH0256,Tata,Harrier,2021,SUV,Petrol,Automatic,Black,1747549,22.3,,,2850.0,5,115548,4.6,Neha Dubey,9760080817,MP88NE2577,Bhopal,Available,2026-12-24,2024-10-27,3,1126211
VH0883,Honda,WR-V,2020,Compact SUV,Petrol,CVT,Blue,1144236,29.8,,,1500.0,5,114352,4.2,Rajesh Chauhan,9692283210,GJ10TJ6812,Surat,Available,2026-09-08,2022-05-19,4,647234
VH0390,TVS,iQube Electric,2015,Electric Scooter,Electric,Automatic,Black,105087,,108.0,65.5,,2,88001,2.6,Rekha Menon,9146473159,MP76BP2948,Bhopal,Available,2024-01-22,2022-07-17,9,31526
VH0909,Renault,Kiger,2023,Compact SUV,Petrol,AMT,Orange,968218,29.1,,,1000.0,5,98768,6.2,Rahul Yadav,9796554388,DL58GA6823,Delhi,Available,2024-01-16,2023-10-08,1,795131
VH0925,Bajaj,Dominar 400,2016,Motorcycle,Petrol,Manual,Maroon,236421,39.6,,,250.0,2,30329,5.0,Harpreet Patel,9671752477,TS06KL8723,Hyderabad,Available,2026-06-01,2022-02-03,8,77941
VH0704,TVS,Jupiter,2020,Scooter,Petrol,Manual,Blue,90046,36.5,,,150.0,2,13059,7.6,Rajesh Pandey,9858302352,HR28PV7165,Faridabad,Available,2026-03-04,2022-09-21,4,60055
VH0233,Hyundai,Creta,2018,SUV,CNG,Automatic,Maroon,1351548,31.8,,,1700.0,5,59822,5.0,Harpreet Agarwal,9134688715,DL89ZJ4342,Delhi,Available,2024-07-28,2023-04-05,6,621952
VH0461,Ather,450X,2019,Electric Scooter,Electric,Automatic,Gold,168319,,278.0,12.3,,2,42220,6.1,Vikram Shah,9642046610,TN93RI8077,Chennai,Under Maintenance,2027-10-28,2023-12-03,5,93884
VH0270,TVS,Apache RTR 160,2023,Motorcycle,Petrol,Manual,Blue,155629,49.3,,,200.0,2,50232,7.8,Anjali Sharma,9112691606,MH16WQ8537,Nagpur,Sold,2027-04-04,2022-07-26,1,135361
VH0760,Mahindra,XUV300,2020,Compact SUV,Petrol,DCT,Black,1142436,18.0,,,1250.0,5,30269,7.0,Deepak Sharma,9683384105,MP34CZ6987,Bhopal,Available,2026-07-25,2022-08-16,4,742276
VH0169,Bajaj,Dominar 400,2015,Motorcycle,Petrol,Manual,Silver,244049,46.5,,,250.0,2,2081,5.4,Divya Shah,9176248559,MP50DH9185,Indore,Available,2026-01-09,2023-10-11,9,73214
VH0959,Hyundai,Alcazar,2024,SUV,Petrol,Manual,Gold,2316551,25.7,,,1750.0,5,82546,7.2,Meera Shah,9858235280,CH92OI3713,Chandigarh,Available,2026-05-11,2024-02-09,0,2125328
VH0502,Renault,Kiger,2018,Compact SUV,Petrol,Manual,Blue,781860,29.4,,,1200.0,5,43582,5.5,Arjun Shah,9576447381,UP20MG1621,Lucknow,Sold,2024-10-01,2023-07-24,6,372492
VH0740,Volkswagen,Taigun,2020,Compact SUV,Petrol,CVT,Silver,1315973,29.7,,,1400.0,5,14503,7.5,Arun Chauhan,9572557156,BR95GZ4522,Patna,Sold,2024-06-01,2023-05-13,4,875776
VH0850,Bajaj,Dominar 400,2018,Motorcycle,Petrol,Manual,Brown,251077,39.4,,,450.0,2,34025,5.9,Priya Dubey,9443202087,UP79SB9050,Noida,Available,2027-12-05,2024-08-27,6,122017
VH0869,Hyundai,Creta,2015,SUV,Petrol,CVT,Grey,1205413,43.5,,,1950.0,5,20384,4.8,Rekha Agarwal,9479622962,GJ31HH5370,Surat,Sold,2024-02-17,2023-10-11,9,361623
VH0732,Ather,450X,2015,Electric Scooter,Electric,Automatic,Black,155061,,233.0,22.2,,2,80340,2.8,Arjun Pandey,9290514740,GJ95FW5015,Ahmedabad,Available,2025-06-28,2023-07-23,9,46518
VH0540,Hyundai,i20,2019,Hatchback,Petrol,AMT,Brown,889907,14.4,,,1100.0,5,116902,3.6,Suresh Chauhan,9835643996,HR66XE8858,Gurugram,Under Maintenance,2026-12-26,2022-09-13,5,429912
VH0202,Ford,Endeavour,2015,SUV,Petrol,CVT,Red,3568836,14.8,,,2800.0,5,97981,2.2,Seema Patel,9244295352,KL40IP2609,Kochi,Available,2026-06-26,2023-10-20,9,1070650
VH0698,Kia,EV6,2020,Electric SUV,Electric,Automatic,White,7461226,,274.0,65.8,,5,29107,7.0,Amit Chauhan,9930441589,UP44WQ5406,Lucknow,Available,2026-08-15,2023-06-19,4,4856459
VH0393,Renault,Kiger,2016,Compact SUV,CNG,Manual,Gold,783012,30.2,,,1350.0,5,37673,4.7,Amit Kaur,9630120085,MH91JR1665,Pune,Available,2026-07-24,2023-10-01,8,252385
VH0377,Volkswagen,Taigun,2017,Compact SUV,Diesel,DCT,Orange,1244173,20.7,,,1250.0,5,53526,4.7,Ravi Kumar,9230448918,TN48OR3663,Chennai,Under Maintenance,2026-10-19,2022-10-25,7,480840
VH0146,Kia,EV6,2016,Electric SUV,Electric,Automatic,Red,5892981,,101.0,77.9,,5,113157,2.2,Kavya Kaur,9562370643,TS80MZ6399,Hyderabad,Sold,2027-08-26,2022-10-06,8,1767894
VH0032,Royal Enfield,Thunderbird 350,2020,Motorcycle,Petrol,Manual,Brown,238134,31.0,,,250.0,2,46605,6.4,Seema Bhatt,9508431021,GJ50YS1320,Surat,Available,2025-09-03,2024-03-09,4,150832
VH0373,MG,Hector,2018,SUV,Petrol,Manual,Red,1465187,50.8,,,1950.0,5,27272,6.1,Simran Nair,9632928920,MH14FI2835,Mumbai,Available,2026-12-02,2022-02-16,6,721938
VH0668,Tata,Harrier,2016,SUV,CNG,Automatic,Grey,1577582,27.8,,,2500.0,5,92919,2.9,Simran Kaur,9141185351,UP66VY2213,Agra,Available,2026-12-03,2023-10-13,8,473274
VH0526,Hyundai,Tucson,2022,SUV,Diesel,DCT,Brown,3506952,21.0,,,1950.0,5,75955,6.5,Gurpreet Sharma,9488936964,TN27GZ4205,Chennai,Sold,2024-07-27,2022-10-30,2,2679469
VH0358,Renault,Kwid,2018,Hatchback,Petrol,CVT,Blue,477601,54.3,,,1300.0,5,28448,6.1,Karthik Kaur,9998106748,WB42DV9943,Kolkata,Under Maintenance,2024-04-03,2022-12-22,6,234765
VH0968,Mahindra,KUV100,2023,Micro SUV,Diesel,DCT,Silver,979188,20.3,,,900.0,5,78990,6.9,Pooja Sharma,9631790821,DL94LH5584,Delhi,Available,2025-07-30,2024-03-11,1,823506
VH0784,Renault,Duster,2016,SUV,CNG,AMT,Blue,1152416,30.2,,,1500.0,5,69852,3.7,Sunita Singh,9101856387,UK08RB7113,Dehradun,Under Maintenance,2024-01-26,2022-01-10,8,345724
VH0736,Volkswagen,Taigun,2022,Compact SUV,Petrol,Automatic,Gold,1418932,27.1,,,1400.0,5,113487,5.2,Harpreet Tiwari,9822602684,MP64FF2074,Indore,Available,2026-06-26,2023-12-03,2,1030872
VH0036,Honda,Amaze,2019,Sedan,Petrol,DCT,Blue,772244,26.8,,,1800.0,5,16366,7.0,Sunita Kumar,9834717549,WB92GC4978,Kolkata,Sold,2027-03-05,2022-03-26,5,450707
VH0971,Tata,Altroz,2015,Hatchback,Diesel,Automatic,Brown,677329,13.0,,,900.0,5,61806,3.4,Arjun Chauhan,9819012830,CH49DH7912,Chandigarh,Available,2026-10-12,2023-12-08,9,203198
VH0525,Ather,450 Plus,2020,Electric Scooter,Electric,Automatic,Blue,155382,,221.0,81.2,,2,52112,6.3,Sanjay Gupta,9852809702,WB51CQ5637,Kolkata,Sold,2024-07-18,2022-09-26,4,97562
VH0487,Toyota,Glanza,2015,Hatchback,Petrol,CVT,Silver,686817,31.2,,,1300.0,5,103438,2.1,Sanjay Kaur,9730238228,WB98YW9808,Kolkata,Available,2024-03-06,2022-10-12,9,206045
VH0524,Bajaj,Pulsar 150,2020,Motorcycle,Petrol,Manual,White,125068,43.4,,,250.0,2,107325,4.4,Seema Dubey,9881034931,HR95BY3933,Faridabad,Available,2027-09-12,2022-11-23,4,71623
VH0491,Hero,Passion Pro,2018,Motorcycle,Petrol,Manual,Red,77392,19.9,,,150.0,2,76014,4.5,Anjali Bhatt,9627162809,WB78ZH9615,Kolkata,Available,2024-03-21,2022-07-06,6,34360
VH0643,Bajaj,Pulsar 150,2023,Motorcycle,Petrol,Manual,Blue,146186,29.9,,,400.0,2,118090,5.6,Ravi Nair,9224106516,HR17NW7993,Faridabad,Available,2027-06-14,2024-01-24,1,117228
VH0253,Toyota,Fortuner,2017,SUV,CNG,DCT,White,3965652,26.2,,,1850.0,5,21634,5.8,Manoj Dubey,9614345062,GJ43XD8889,Surat,Available,2027-08-18,2024-04-21,7,1659093
VH0694,Bajaj,Avenger 220,2015,Motorcycle,Petrol,Manual,Silver,121119,47.8,,,500.0,2,90771,2.5,Kavya Verma,9395843204,TN94IC3827,Chennai,Sold,2026-11-01,2024-04-18,9,36335
VH0750,Hero,Xtreme 160R,2021,Motorcycle,Petrol,Manual,Maroon,154067,45.6,,,150.0,2,64608,6.3,Sunita Singh,9912399890,MH23QS9462,Mumbai,Available,2027-05-23,2024-01-04,3,107136
VH0237,Hyundai,Tucson,2022,SUV,Petrol,DCT,Blue,3654298,46.1,,,2000.0,5,70890,6.6,Manpreet Chauhan,9271122762,MP29FQ2117,Bhopal,Available,2026-04-06,2022-07-08,2,2810557
VH0886,Toyota,Urban Cruiser,2020,Compact SUV,Petrol,CVT,Yellow,1021584,45.2,,,1150.0,5,17924,7.4,Arjun Verma,9147259052,MH79MI7461,Mumbai,Available,2025-02-02,2024-05-06,4,676366
VH0080,TVS,iQube Electric,2024,Electric Scooter,Electric,Automatic,Red,158093,,214.0,56.7,,2,61962,7.9,Seema Kaur,9262089272,PB83UT6295,Amritsar,Available,2026-06-24,2023-09-13,0,148297
VH0173,TVS,Ntorq 125,2023,Scooter,Petrol,Manual,Green,120356,47.7,,,150.0,2,44410,8.0,Gurpreet Rao,9928316966,RJ48EX5403,Jaipur,Sold,2026-05-29,2023-07-12,1,105382
VH0815,Maruti Suzuki,Ertiga,2024,MPV,Petrol,Automatic,Maroon,1324165,53.6,,,2000.0,8,11137,9.6,Simran Nair,9314234368,HR14TD1920,Gurugram,Under Maintenance,2025-01-15,2022-07-07,0,1309417
VH0286,Skoda,Slavia,2020,Sedan,Petrol,Automatic,Maroon,1445649,23.7,,,1850.0,5,1670,7.9,Nisha Rao,9524995927,TS02FZ5523,Hyderabad,Sold,2024-03-27,2024-08-31,4,980627
VH0672,Royal Enfield,Classic 350,2017,Motorcycle,Petrol,Manual,White,205949,27.1,,,150.0,2,79281,3.9,Harpreet Dubey,9964062922,MH90MW3098,Pune,Sold,2026-04-23,2023-04-26,7,74289
VH0532,Skoda,Octavia,2023,Sedan,Diesel,AMT,Green,5062958,20.6,,,1550.0,5,64783,7.3,Manoj Agarwal,9577729523,KL06QZ5807,Kochi,Available,2027-11-24,2023-10-03,1,4329927
VH0058,Volkswagen,Virtus,2019,Sedan,Petrol,AMT,Brown,1380909,41.8,,,1450.0,5,111295,3.8,Divya Tiwari,9841218491,MH57LS5901,Mumbai,Available,2025-09-10,2023-02-12,5,674857
VH0134,Ford,Aspire,2015,Sedan,Petrol,Automatic,Red,737397,14.7,,,1850.0,5,72673,3.1,Meera Bhatt,9994816400,KL20GK4768,Kochi,Available,2027-09-02,2023-11-23,9,221219
VH0141,Tata,Tiago,2015,Hatchback,Petrol,AMT,Green,557835,17.1,,,1250.0,5,64804,3.3,Rahul Menon,9941328406,UK77MY6347,Dehradun,Under Maintenance,2025-04-12,2023-12-30,9,167350
VH0934,Toyota,Innova Crysta,2023,MPV,Diesel,DCT,Red,2844979,22.4,,,1650.0,7,70959,7.1,Ravi Agarwal,9189730334,MP78RC4956,Bhopal,Available,2024-07-10,2023-06-16,1,2415503
VH0685,Maruti Suzuki,Vitara Brezza,2018,Compact SUV,Diesel,Manual,Red,1024926,16.3,,,1000.0,5,2351,6.9,Rohit Agarwal,9342697336,UK60TF2093,Dehradun,Available,2025-01-29,2023-07-17,6,530551
VH0824,Maruti Suzuki,Vitara Brezza,2017,Compact SUV,CNG,CVT,Black,1013922,29.3,,,1050.0,5,17294,5.9,Gurpreet Yadav,9966643102,UK17QJ6588,Dehradun,Sold,2026-01-26,2024-08-27,7,428590
VH0215,Tata,Nexon,2019,Compact SUV,CNG,AMT,Grey,1219171,31.0,,,1250.0,5,106931,3.9,Rohit Gupta,9277042316,GJ88EK9031,Surat,Under Maintenance,2026-04-06,2022-02-09,5,601135
VH0505,Kia,Sonet,2021,Compact SUV,Diesel,DCT,Green,957095,15.7,,,1350.0,5,62197,6.4,Amit Yadav,9527611745,UP26IZ8883,Noida,Available,2026-06-22,2024-05-15,3,667863
VH0775,Tata,Harrier,2016,SUV,Petrol,DCT,Blue,1692047,41.2,,,2850.0,5,14082,5.5,Rohit Mishra,9242842323,GJ19WK9729,Ahmedabad,Under Maintenance,2025-08-24,2022-06-18,8,585309
VH0348,Ford,Endeavour,2020,SUV,Petrol,Manual,Yellow,4122773,48.1,,,1500.0,5,25807,7.1,Rohit Patel,9878731965,GJ13QD8306,Surat,Available,2024-03-10,2022-02-18,4,2697089
VH0387,MG,Hector,2023,SUV,Petrol,CVT,Green,1974027,14.5,,,2300.0,5,66479,7.3,Anjali Singh,9209970339,KL48YP7750,Kochi,Available,2025-03-28,2023-01-21,1,1684873
VH0025,Ola Electric,S1 Pro,2021,Electric Scooter,Electric,Automatic,Gold,187819,,148.0,22.8,,2,87562,5.6,Manoj Gupta,9491079829,HR56AQ9821,Faridabad,Available,2025-11-07,2023-10-05,3,126296
VH0895,TVS,Jupiter,2019,Scooter,Petrol,Manual,Grey,85911,48.9,,,100.0,2,107276,3.9,Ananya Kumar,9415307795,HR61ZO6877,Faridabad,Sold,2026-04-01,2024-05-06,5,42330
VH0829,Maruti Suzuki,Vitara Brezza,2019,Compact SUV,Diesel,Automatic,Red,1016123,12.4,,,1500.0,5,58714,5.5,Kavya Mishra,9696210575,GJ11LO3418,Surat,Available,2025-10-05,2022-08-09,5,550013
VH0893,Maruti Suzuki,Celerio,2017,Hatchback,Petrol,Automatic,White,546131,48.6,,,1300.0,5,5604,6.3,Priya Singh,9432610204,HR90LV2433,Gurugram,Available,2027-04-08,2022-06-18,7,237237
VH0476,Maruti Suzuki,Alto,2018,Hatchback,Petrol,DCT,Silver,375679,33.7,,,1050.0,5,47408,5.4,Rajesh Sharma,9489571951,UP49GM4018,Agra,Available,2024-03-02,2022-08-24,6,177542
VH0471,Hyundai,Creta,2019,SUV,Petrol,AMT,Blue,1195930,44.8,,,1850.0,5,81792,4.8,Meera Pandey,9953801568,UK85TA8428,Dehradun,Available,2027-06-22,2022-07-27,5,619740
VH0448,Bajaj,Pulsar NS200,2016,Motorcycle,Petrol,Manual,Grey,147635,37.9,,,350.0,2,56190,4.1,Rajesh Tiwari,9187990100,MH13EW7974,Nagpur,Available,2024-09-23,2024-09-02,8,44852
VH0582,Kia,EV6,2020,Electric SUV,Electric,Automatic,Gold,6707555,,187.0,81.7,,5,20913,7.3,Sunita Menon,9588100108,MP28WX8802,Indore,Available,2026-08-20,2022-10-26,4,4420862
VH0653,Hero,HF Deluxe,2019,Motorcycle,Petrol,Manual,Silver,67492,25.3,,,450.0,2,15500,7.0,Seema Shah,9804351176,TN30UF3406,Chennai,Available,2027-09-02,2022-03-20,5,39449
VH0173,TVS,Ntorq 125,2023,Scooter,Petrol,Manual,Green,120356,47.7,,,150.0,2,44410,8.0,Gurpreet Rao,9928316966,RJ48EX5403,Jaipur,Sold,2026-05-29,2023-07-12,1,105382
VH0150,Renault,Duster,2017,SUV,Petrol,Manual,Orange,1158244,40.4,,,2500.0,5,67435,4.3,Sunita Sharma,9205877984,WB97KZ8052,Kolkata,Available,2026-11-28,2023-03-29,7,431521
VH0039,Ford,Endeavour,2022,SUV,Diesel,CVT,Maroon,4492687,16.4,,,2900.0,5,53771,7.2,Ananya Gupta,9191926217,UK90IR1166,Dehradun,Available,2026-09-27,2023-05-08,2,3532280
VH0714,Ola Electric,S1 Pro,2015,Electric Scooter,Electric,Automatic,Red,138230,,221.0,19.6,,2,52754,3.7,Pooja Chauhan,9820952828,GJ36XW4042,Surat,Available,2025-01-06,2023-08-07,9,41469
VH0091,Royal Enfield,Meteor 350,2022,Motorcycle,Petrol,Manual,Grey,262255,48.3,,,450.0,2,56761,7.1,Nisha Patel,9871531100,UK69AU9443,Dehradun,Available,2024-01-04,2023-12-24,2,205408
VH0937,Kia,EV6,2016,Electric SUV,Electric,Automatic,Gold,6233861,,328.0,45.4,,5,88603,3.0,Gurpreet Nair,9479392520,MH08ZU1423,Pune,Available,2024-08-23,2024-10-29,8,1870158
VH0206,Hyundai,Venue,2024,Compact SUV,Diesel,Automatic,Red,1198226,20.8,,,1200.0,5,105470,6.5,Suresh Nair,9795109916,UP53QA1145,Noida,Available,2024-01-18,2023-04-04,0,1071849
VH0876,Ola Electric,S1 Air,2022,Electric Scooter,Electric,Automatic,Yellow,133312,,136.0,70.8,,2,12594,8.6,Neha Chauhan,9171703302,GJ24HN6105,Ahmedabad,Available,2027-06-25,2022-04-17,2,110303
VH0352,Hyundai,i20,2016,Hatchback,Petrol,CVT,Green,793655,14.8,,,1150.0,5,43731,4.5,Manoj Mishra,9386083995,TN84UA1619,Chennai,Available,2026-03-12,2022-01-08,8,251008
VH0890,Renault,Kiger,2017,Compact SUV,Petrol,DCT,White,818952,30.9,,,1300.0,5,87385,3.6,Arjun Singh,9769003588,GJ73KJ2329,Surat,Available,2024-05-15,2023-10-05,7,288774
VH0094,Hero,Splendor Plus,2019,Motorcycle,Petrol,Manual,White,77650,46.4,,,100.0,2,25548,6.6,Suresh Menon,9139321248,TS40QM9897,Hyderabad,Sold,2025-08-08,2024-01-02,5,44606
VH0156,Toyota,Camry,2021,Sedan,Petrol,DCT,Yellow,5272073,29.7,,,1450.0,5,25023,7.7,Ravi Singh,9625749126,MP82RW3838,Indore,Available,2025-10-06,2024-07-12,3,3874852
VH0782,MG,Hector,2016,SUV,Petrol,Manual,Black,1478362,43.9,,,2650.0,5,65377,3.8,Rajesh Singh,9131662023,UP32TY3938,Lucknow,Sold,2024-09-01,2023-11-11,8,443508
VH0959,Hyundai,Alcazar,2024,SUV,Petrol,Manual,Gold,2316551,25.7,,,1750.0,5,82546,7.2,Meera Shah,9858235280,CH92OI3713,Chandigarh,Available,2026-05-11,2024-02-09,0,2125328
VH0500,Tata,Harrier,2021,SUV,CNG,DCT,Blue,1878458,34.9,,,2600.0,5,89353,5.5,Arun Kaur,9777395712,BR73FI2552,Patna,Sold,2027-11-21,2022-09-30,3,1259782
VH0339,Toyota,Fortuner,2015,SUV,Petrol,Manual,Orange,3310717,50.3,,,2550.0,5,56297,3.6,Seema Pandey,9947105447,GJ18CE7813,Surat,Sold,2027-06-30,2023-01-04,9,993215
VH0189,Kia,Sonet,2020,Compact SUV,Diesel,CVT,Silver,893491,13.9,,,1100.0,5,40052,6.7,Simran Mishra,9729230605,KA68LC7120,Bangalore,Available,2025-10-22,2022-10-07,4,571787
VH0029,Kia,EV6,2022,Electric SUV,Electric,Automatic,Green,7618080,,137.0,54.7,,5,68389,6.7,Arjun Singh,9963406382,CH97YD7965,Chandigarh,Under Maintenance,2026-08-09,2022-04-13,2,5878194
VH0218,Honda,CR-V,2024,SUV,Petrol,CVT,Grey,4093152,18.4,,,1800.0,5,21520,9.3,Vikram Yadav,9855309458,UK26YI9571,Dehradun,Available,2024-03-21,2024-10-13,0,4005067
VH0400,Ather,450 Plus,2022,Electric Scooter,Electric,Automatic,Yellow,169928,,140.0,42.8,,2,42506,7.6,Arun Yadav,9922991714,WB34PS7189,Kolkata,Under Maintenance,2024-05-05,2022-02-27,2,135516
VH0821,Hero,HF Deluxe,2017,Motorcycle,Petrol,Manual,Silver,62537,29.8,,,100.0,2,107638,2.9,Meera Yadav,9114978878,TN41MU3447,Chennai,Available,2027-09-17,2022-12-20,7,20784
VH0946,Maruti Suzuki,Baleno,2022,Hatchback,Petrol,CVT,Green,865190,25.5,,,1000.0,5,32146,7.9,Harpreet Patel,9884669128,MP74QQ1368,Bhopal,Available,2027-02-12,2024-10-22,2,698947
VH0170,Bajaj,Avenger 220,2020,Motorcycle,Petrol,Manual,Red,158861,21.1,,,450.0,2,103953,4.5,Pooja Gupta,9142763764,MH03SC1225,Mumbai,Under Maintenance,2026-03-26,2024-11-03,4,91511
VH0405,Kia,Carnival,2016,MPV,CNG,DCT,Silver,2879064,29.3,,,2150.0,8,82792,3.2,Kavya Agarwal,9293918682,UP54MI9443,Lucknow,Sold,2027-12-11,2024-11-23,8,863719
VH0198,Hyundai,Santro,2023,Hatchback,Petrol,DCT,Black,675047,52.4,,,1250.0,5,68240,7.2,Vikas Verma,9639127345,PB61JC7468,Ludhiana,Available,2027-03-16,2022-10-29,1,574978
VH0254,Renault,Kwid,2017,Hatchback,Petrol,DCT,Maroon,409969,39.8,,,800.0,5,79058,3.9,Rekha Singh,9654738715,PB19BF5231,Amritsar,Under Maintenance,2027-02-28,2022-02-08,7,147975
VH0614,Hyundai,Verna,2016,Sedan,Diesel,Manual,Grey,1063422,12.5,,,1600.0,5,51868,4.3,Arjun Shah,9851095587,PB09RD5513,Ludhiana,Sold,2026-03-15,2022-07-27,8,327674
VH0913,Kia,Carens,2016,MPV,Diesel,Manual,Red,1109419,22.9,,,2150.0,7,117852,2.1,Sanjay Agarwal,9806414434,HR71SW9946,Faridabad,Available,2026-04-06,2022-03-25,8,332825
VH0492,Hero,Passion Pro,2019,Motorcycle,Petrol,Manual,Maroon,86164,47.8,,,200.0,2,75029,5.0,Kavya Mishra,9807681800,GJ32FT8079,Surat,Available,2024-07-14,2024-03-16,5,45233
VH0954,Hyundai,Tucson,2017,SUV,Petrol,DCT,Maroon,3111030,44.6,,,2800.0,5,104142,3.0,Arjun Dubey,9524661188,MH81AY6529,Pune,Available,2024-04-04,2024-11-29,7,1044864
VH0098,Hyundai,Venue,2022,Compact SUV,CNG,CVT,Green,1087901,25.8,,,1100.0,5,65910,6.8,Arjun Rao,9127824235,MP47MK5566,Bhopal,Sold,2026-11-26,2024-03-03,2,842133
VH0033,Ather,450X,2022,Electric Scooter,Electric,Automatic,Brown,190363,,211.0,41.1,,2,82060,6.3,Gurpreet Singh,9601856351,WB44VV7624,Kolkata,Under Maintenance,2026-12-29,2022-02-25,2,144283
VH0588,MG,Gloster,2023,SUV,CNG,Manual,Gold,4303501,29.6,,,2050.0,5,90749,6.5,Deepak Mishra,9406046409,RJ71TF9892,Jaipur,Sold,2027-10-25,2024-06-14,1,3568682
VH0751,Ford,Aspire,2018,Sedan,Diesel,Manual,Red,834146,16.7,,,1600.0,5,13615,6.5,Meera Tiwari,9529827812,MP15OA1118,Bhopal,Under Maintenance,2025-12-27,2024-01-09,6,422399
VH0658,TVS,iQube Electric,2020,Electric Scooter,Electric,Automatic,Orange,127835,,314.0,48.2,,2,15627,7.5,Arjun Pandey,9438031505,PB43HZ6930,Ludhiana,Sold,2027-11-20,2023-05-09,4,84930
VH0235,Volkswagen,Vento,2024,Sedan,Petrol,Automatic,Silver,1474331,42.9,,,1750.0,5,89977,7.0,Harpreet Gupta,9415870923,PB70XT4218,Amritsar,Available,2024-06-01,2023-01-18,0,1341675
VH0733,Kia,Seltos,2017,SUV,Petrol,CVT,Black,1055703,23.3,,,2400.0,5,10075,6.2,Vikas Verma,9442371535,PB62OD9797,Amritsar,Sold,2025-02-06,2024-09-06,7,453873
VH0989,Ford,Endeavour,2019,SUV,Petrol,Manual,Yellow,4099563,22.6,,,1950.0,5,96042,4.3,Anjali Kaur,9317214952,MH42JO2761,Mumbai,Available,2024-12-21,2024-01-20,5,2066007
VH0633,Tata,Punch,2017,Micro SUV,CNG,DCT,Yellow,794668,32.2,,,900.0,5,79908,3.8,Amit Dubey,9504288204,GJ98VJ7454,Ahmedabad,Under Maintenance,2027-09-11,2023-01-05,7,286153
VH0157,Hyundai,Alcazar,2015,SUV,Petrol,Automatic,Red,1528197,29.7,,,2350.0,5,74607,3.0,Deepak Pandey,9624737111,MP84PN9056,Bhopal,Available,2024-03-04,2023-03-28,9,458459
VH0470,Tata,Altroz,2016,Hatchback,Petrol,DCT,Black,637108,54.0,,,800.0,5,82575,3.2,Priya Pandey,9158829061,WB41WC3089,Kolkata,Available,2026-06-03,2022-05-15,8,191132
VH0425,Honda,WR-V,2015,Compact SUV,CNG,Manual,Blue,941403,30.9,,,1050.0,5,35800,4.3,Rajesh Dubey,9587538394,TS20AC8540,Hyderabad,Sold,2027-05-01,2022-01-12,9,282420
VH0628,Toyota,Camry,2022,Sedan,Diesel,Automatic,Silver,6227190,20.3,,,1400.0,5,15535,8.5,Manpreet Dubey,9769654032,KL81JX1105,Kochi,Sold,2024-05-17,2022-01-01,2,5134100
VH0935,Ford,Endeavour,2017,SUV,Petrol,AMT,Maroon,3593550,48.4,,,1700.0,5,94992,3.3,Karthik Shah,9574967169,PB90UC9486,Ludhiana,Available,2027-07-22,2022-06-14,7,1239803
VH0210,Skoda,Slavia,2023,Sedan,Diesel,CVT,Blue,1361349,13.7,,,1600.0,5,98045,6.2,Divya Joshi,9338642889,UP72YF6499,Agra,Available,2025-09-20,2024-05-11,1,1118967
VH0066,Kia,Carens,2015,MPV,Petrol,CVT,Red,1060226,19.2,,,2200.0,7,103869,2.0,Rajesh Patel,9452788129,MH98RG4538,Mumbai,Sold,2027-05-05,2022-01-06,9,318067
VH0109,Honda,Jazz,2020,Hatchback,CNG,DCT,Orange,1176131,32.5,,,950.0,5,105877,4.5,Priya Verma,9247141682,UK66MQ1659,Dehradun,Sold,2026-08-28,2024-11-29,4,675243
VH0543,Skoda,Kushaq,2022,Compact SUV,Petrol,AMT,Grey,1309931,14.2,,,1350.0,5,13782,8.5,Rohit Singh,9531717324,TS39LD1084,Hyderabad,Available,2026-06-01,2024-10-04,2,1082288
VH0569,Renault,Kwid,2017,Hatchback,Petrol,Automatic,Grey,426791,15.1,,,1100.0,5,48373,4.9,Suresh Shah,9269837180,MH07WD2208,Pune,Available,2024-10-16,2022-06-11,7,167142
VH0168,Toyota,Innova Crysta,2024,MPV,Petrol,CVT,Grey,2974006,26.9,,,1500.0,7,27428,9.1,Harpreet Sharma,9806957378,GJ83CH5668,Ahmedabad,Sold,2026-11-26,2024-11-09,0,2892434
VH0175,Hyundai,Creta,2018,SUV,Petrol,AMT,Black,1214155,51.7,,,1750.0,5,94909,3.8,Arjun Kaur,9366570563,DL71ZW7870,Delhi,Available,2025-10-17,2023-07-10,6,516126
VH0891,Royal Enfield,Thunderbird 350,2021,Motorcycle,Petrol,Manual,Red,229160,33.4,,,100.0,2,53625,6.7,Suresh Dubey,9525571850,TS48DJ4861,Hyderabad,Available,2026-05-30,2023-04-27,3,161872
VH0948,Ola Electric,S1 Air,2024,Electric Scooter,Electric,Automatic,Green,146116,,281.0,12.2,,2,69471,7.7,Amit Rao,9863758499,UP29ZE2674,Agra,Available,2026-08-13,2022-09-11,0,135965
VH0049,Royal Enfield,Thunderbird 350,2019,Motorcycle,Petrol,Manual,Brown,235081,30.4,,,500.0,2,67949,5.2,Anjali Rao,9929517022,DL59CK5135,Delhi,Available,2024-01-03,2024-08-04,5,125075
VH0353,TVS,iQube Electric,2021,Electric Scooter,Electric,Automatic,Brown,135404,,286.0,64.6,,2,47544,6.9,Simran Dubey,9230141431,MH70HA7298,Mumbai,Available,2025-11-13,2023-09-13,3,96469
VH0778,MG,Astor,2018,SUV,CNG,DCT,Green,1212624,34.6,,,1700.0,5,103289,3.6,Nisha Nair,9203746446,TS90HZ9819,Hyderabad,Under Maintenance,2026-11-05,2024-09-01,6,505313
VH0447,Skoda,Kushaq,2022,Compact SUV,CNG,Automatic,Maroon,1499477,34.9,,,1450.0,5,107334,5.4,Rohit Kumar,9405517657,HR81VR4831,Faridabad,Sold,2027-03-19,2022-10-14,2,1098615
VH0885,Hero,Passion Pro,2024,Motorcycle,Petrol,Manual,Black,99835,29.1,,,500.0,2,72326,7.6,Deepak Chauhan,9138822127,PB16OY8987,Amritsar,Sold,2027-03-05,2024-11-02,0,92614
VH0673,Skoda,Octavia,2023,Sedan,Diesel,AMT,Blue,4300963,22.0,,,1600.0,5,35668,8.3,Deepak Mishra,9379923825,HR41NM8240,Gurugram,Under Maintenance,2026-09-21,2023-03-25,1,3803479
VH0851,Ather,450X,2021,Electric Scooter,Electric,Automatic,Maroon,200646,,258.0,72.5,,2,12565,8.1,Suresh Joshi,9609889702,HR63AM1633,Gurugram,Available,2024-06-18,2023-05-18,3,149969
VH0735,Hero,Splendor Plus,2019,Motorcycle,Petrol,Manual,Blue,85732,38.7,,,450.0,2,114173,3.7,Ananya Kumar,9792863736,UP23KQ8918,Noida,Available,2026-12-25,2023-05-25,5,41650
VH0718,Hero,Splendor Plus,2017,Motorcycle,Petrol,Manual,Brown,78055,20.8,,,350.0,2,31265,5.5,Harpreet Kumar,9697472351,PB56NY1383,Amritsar,Sold,2026-02-07,2022-09-27,7,31903
VH0455,TVS,Apache RTR 160,2016,Motorcycle,Petrol,Manual,White,129603,35.8,,,100.0,2,77687,3.4,Amit Agarwal,9751605405,GJ27HW8278,Ahmedabad,Available,2024-04-02,2024-10-03,8,38880
VH0265,Maruti Suzuki,Vitara Brezza,2017,Compact SUV,Petrol,DCT,Brown,912867,17.0,,,1200.0,5,33286,5.4,Vikas Agarwal,9973110318,TS15ZQ5222,Hyderabad,Sold,2027-11-22,2024-06-25,7,371275
VH0076,Skoda,Kushaq,2018,Compact SUV,Petrol,DCT,Green,1145588,22.4,,,1150.0,5,23528,6.2,Sunita Sharma,9634063428,TN98IJ6375,Chennai,Sold,2024-09-21,2024-02-18,6,568752
VH0658,TVS,iQube Electric,2020,Electric Scooter,Electric,Automatic,Orange,127835,,314.0,48.2,,2,15627,7.5,Arjun Pandey,9438031505,PB43HZ6930,Ludhiana,Sold,2027-11-20,2023-05-09,4,84930
VH0445,MG,Gloster,2018,SUV,CNG,Manual,Gold,3113559,28.3,,,2650.0,5,41427,5.6,Sanjay Gupta,9199664255,UP95EQ9860,Agra,Available,2026-12-03,2023-11-29,6,1490065
VH0396,TVS,Ntorq 125,2024,Scooter,Petrol,Manual,Red,125687,45.0,,,150.0,2,60089,8.0,Suresh Chauhan,9399456538,MH61VT7626,Pune,Available,2024-08-09,2022-09-08,0,118134
VH0177,Skoda,Slavia,2022,Sedan,CNG,DCT,Blue,1541667,35.0,,,1500.0,5,71481,6.6,Karthik Sharma,9540272920,UP70YZ5016,Agra,Available,2025-12-10,2022-01-20,2,1184800
VH0043,Skoda,Superb,2022,Sedan,Petrol,CVT,Grey,4880309,16.1,,,1950.0,5,74272,6.5,Nisha Verma,9262915636,KA09MP2213,Bangalore,Available,2025-09-14,2022-06-24,2,3736989
VH0736,Volkswagen,Taigun,2022,Compact SUV,Petrol,Automatic,Gold,1418932,27.1,,,1400.0,5,113487,5.2,Harpreet Tiwari,9822602684,MP64FF2074,Indore,Available,2026-06-26,2023-12-03,2,1030872
VH0402,Tata,Nexon EV,2019,Electric SUV,Electric,Automatic,Blue,1745762,,143.0,4.1,,5,91720,4.4,Nisha Chauhan,9552230665,TS05OV7921,Hyderabad,Available,2026-08-19,2022-02-15,5,887335
VH0381,Toyota,Yaris,2021,Sedan,CNG,AMT,Silver,1224015,27.8,,,1750.0,5,105840,5.0,Gurpreet Pandey,9896209276,KL58RC4533,Kochi,Under Maintenance,2026-06-25,2023-08-15,3,800701
VH0596,Kia,EV6,2016,Electric SUV,Electric,Automatic,Red,6292332,,105.0,35.4,,5,106478,2.5,Meera Kaur,9780271060,MP81CG7879,Indore,Under Maintenance,2024-11-25,2023-01-04,8,1887699
VH0062,Tata,Punch,2018,Micro SUV,Petrol,DCT,Gold,828105,46.4,,,800.0,5,84195,4.2,Manoj Menon,9727666622,GJ69DO7038,Ahmedabad,Available,2026-01-30,2022-08-10,6,360892
VH0297,Renault,Triber,2019,MPV,CNG,Manual,White,1008370,30.7,,,1600.0,7,78518,4.9,Suresh Bhatt,9979947812,UP42ZP3832,Agra,Under Maintenance,2027-08-08,2023-09-08,5,525846
VH0873,Toyota,Yaris,2016,Sedan,Petrol,AMT,Gold,988321,30.6,,,1500.0,5,115545,2.1,Simran Kumar,9347922133,TS46MI5075,Hyderabad,Available,2026-08-19,2022-02-19,8,296496
VH0490,Toyota,Camry,2021,Sedan,Petrol,Manual,Maroon,5524304,51.0,,,1500.0,5,77503,5.9,Neha Shah,9717499666,TN27JN8778,Chennai,Under Maintenance,2025-02-19,2024-10-26,3,3770320
VH0879,Renault,Duster,2024,SUV,CNG,AMT,Gold,1376937,26.8,,,1650.0,5,60894,8.0,Amit Mishra,9245926081,HR32FU1692,Faridabad,Available,2026-12-19,2024-09-30,0,1293089
VH0279,Hero,Xtreme 160R,2023,Motorcycle,Petrol,Manual,White,177633,35.9,,,350.0,2,20910,8.8,Kavya Kumar,9492756851,MP70HZ2467,Indore,Available,2025-09-13,2022-01-22,1,159708
VH0037,Ather,450 Plus,2020,Electric Scooter,Electric,Automatic,Yellow,145456,,265.0,29.6,,2,23586,7.2,Divya Pandey,9859466878,GJ63DN6934,Surat,Available,2026-12-04,2023-07-08,4,95479
VH0976,Ather,450 Plus,2021,Electric Scooter,Electric,Automatic,White,168056,,130.0,38.6,,2,19707,7.8,Vikas Mishra,9656496091,HR08MP4865,Faridabad,Sold,2024-02-01,2024-01-18,3,124410
VH0663,Hero,Xtreme 160R,2019,Motorcycle,Petrol,Manual,Brown,159301,42.7,,,200.0,2,88830,4.5,Karthik Sharma,9737322987,UP99SQ2372,Agra,Available,2027-08-22,2024-07-17,5,81429
VH0954,Hyundai,Tucson,2017,SUV,Petrol,DCT,Maroon,3111030,44.6,,,2800.0,5,104142,3.0,Arjun Dubey,9524661188,MH81AY6529,Pune,Available,2024-04-04,2024-11-29,7,1044864
VH0445,MG,Gloster,2018,SUV,CNG,Manual,Gold,3113559,28.3,,,2650.0,5,41427,5.6,Sanjay Gupta,9199664255,UP95EQ9860,Agra,Available,2026-12-03,2023-11-29,6,1490065
VH0978,Hero,Splendor Plus,2019,Motorcycle,Petrol,Manual,Green,80622,20.2,,,150.0,2,60363,5.5,Nisha Nair,9451535068,MP84YF2191,Bhopal,Available,2027-05-01,2022-03-22,5,43506
VH0572,Toyota,Yaris,2018,Sedan,Petrol,DCT,Grey,1041688,30.1,,,1300.0,5,49190,5.4,Rajesh Mishra,9276978815,HR60PK7637,Faridabad,Available,2027-08-17,2024-05-18,6,490437
VH0739,Skoda,Octavia,2020,Sedan,CNG,AMT,Grey,4096860,30.6,,,1850.0,5,3053,7.9,Rohit Nair,9590581599,CH98MB7697,Chandigarh,Sold,2027-12-13,2023-02-19,4,2773357
VH0192,Maruti Suzuki,Vitara Brezza,2018,Compact SUV,Diesel,Manual,Black,990951,22.2,,,1000.0,5,46536,5.4,Neha Tiwari,9629442753,DL50OX7875,Delhi,Sold,2027-01-23,2024-02-08,6,469179
VH0920,Kia,Sonet,2018,Compact SUV,Petrol,CVT,Maroon,854640,41.3,,,1500.0,5,21288,6.3,Priya Menon,9103282854,PB63PI8167,Ludhiana,Available,2024-05-05,2022-05-03,6,426219
VH0457,Mahindra,Thar,2024,Off-Road SUV,Diesel,CVT,Yellow,2072993,21.3,,,2200.0,5,7299,9.8,Pooja Mishra,9988780552,KA41EN6311,Bangalore,Sold,2025-02-18,2023-05-06,0,2057862
VH0676,Hyundai,Creta,2023,SUV,Petrol,DCT,Silver,1439844,33.9,,,1750.0,5,103267,6.1,Priya Menon,9905215527,KL39AH5051,Kochi,Available,2026-02-12,2024-03-31,1,1175968
VH0761,Ather,450 Plus,2017,Electric Scooter,Electric,Automatic,Grey,151238,,178.0,38.5,,2,89704,3.5,Rajesh Chauhan,9309248642,BR11QF7513,Patna,Available,2025-03-30,2022-02-04,7,52978
VH0808,Mahindra,Scorpio,2016,SUV,Petrol,DCT,Orange,1446888,37.0,,,2500.0,5,5661,5.8,Sunita Nair,9577711913,MP90IW5086,Indore,Available,2024-10-04,2024-02-20,8,512688
VH0603,Ather,450 Plus,2024,Electric Scooter,Electric,Automatic,White,192770,,306.0,70.9,,2,105714,6.5,Anjali Kaur,9312762389,MH74UN8130,Mumbai,Available,2026-10-08,2024-10-18,0,172391
VH0729,Ola Electric,S1 Air,2022,Electric Scooter,Electric,Automatic,Green,145210,,143.0,79.8,,2,64102,6.9,Ananya Yadav,9505851578,UP20SQ6149,Noida,Sold,2027-08-20,2022-12-13,2,112668
VH0413,Renault,Duster,2018,SUV,Diesel,AMT,Blue,1215564,23.4,,,2700.0,5,64947,4.8,Seema Joshi,9983901883,UP53ZB5489,Noida,Sold,2026-08-22,2024-04-25,6,553146
VH0099,Honda,WR-V,2019,Compact SUV,Petrol,Automatic,Maroon,1211478,25.7,,,1350.0,5,111324,3.8,Neha Pandey,9194264587,UP16EC8406,Lucknow,Sold,2025-10-16,2023-12-13,5,592020
VH0826,Renault,Triber,2018,MPV,Petrol,DCT,Orange,956336,14.8,,,2100.0,7,118521,3.0,Amit Chauhan,9627143325,WB97ET6269,Kolkata,Available,2025-06-28,2022-05-18,6,383948
VH0640,Ola Electric,S1 Air,2021,Electric Scooter,Electric,Automatic,Grey,140676,,239.0,58.0,,2,44348,7.0,Priya Kaur,9552480926,KA75PI1491,Bangalore,Available,2024-05-01,2022-10-13,3,100675
VH0617,Maruti Suzuki,Celerio,2018,Hatchback,Petrol,Manual,Orange,540543,14.7,,,1300.0,5,40424,5.7,Harpreet Nair,9932425391,KL30QQ3741,Kochi,Available,2025-11-18,2024-07-15,6,259231
VH0115,Ather,450 Plus,2021,Electric Scooter,Electric,Automatic,Green,172050,,344.0,64.0,,2,63293,6.4,Rohit Pandey,9804344630,TN38BJ2294,Chennai,Available,2025-03-14,2023-02-18,3,119868
VH0418,Renault,Triber,2018,MPV,CNG,CVT,Grey,1003750,28.8,,,1950.0,7,4271,6.9,Deepak Singh,9538649410,UK28JX4102,Dehradun,Sold,2025-08-17,2023-06-21,6,517662
VH0911,Skoda,Superb,2019,Sedan,Petrol,Manual,Red,4314663,26.3,,,1400.0,5,48182,5.9,Anjali Tiwari,9179883432,HR34ME5598,Faridabad,Under Maintenance,2024-06-02,2024-10-17,5,2380908
VH0970,Maruti Suzuki,WagonR,2023,Hatchback,Petrol,CVT,Green,688999,22.0,,,950.0,5,53100,7.7,Rohit Singh,9317560037,MH30CE6147,Nagpur,Available,2024-08-10,2024-08-14,1,597293
VH0605,Ather,450X,2020,Electric Scooter,Electric,Automatic,Yellow,192707,,117.0,39.9,,2,102030,4.6,Harpreet Yadav,9529866466,GJ93JI6196,Surat,Available,2025-10-03,2024-10-08,4,111378
VH0919,Honda,Elevate,2015,SUV,Petrol,Manual,Gold,981444,32.3,,,1700.0,5,89670,2.5,Anjali Tiwari,9506652481,UP83ZD7041,Agra,Sold,2025-07-17,2024-06-27,9,294433
VH0090,Toyota,Yaris,2022,Sedan,Petrol,DCT,Grey,1178809,17.2,,,1600.0,5,39972,7.7,Deepak Rao,9933409017,UP20RX9647,Lucknow,Available,2024-09-06,2022-04-08,2,943080
VH0849,Maruti Suzuki,Swift,2015,Hatchback,CNG,Manual,Blue,593510,33.3,,,1300.0,5,91964,2.4,Deepak Yadav,9810371538,MH09IO2948,Mumbai,Available,2027-05-08,2023-09-07,9,178053
VH0520,Honda,Elevate,2017,SUV,Petrol,AMT,Grey,1011181,42.4,,,2850.0,5,97882,3.2,Divya Kaur,9504811746,PB74YT2059,Ludhiana,Under Maintenance,2026-02-20,2024-06-13,7,345943
VH0918,Mahindra,KUV100,2024,Micro SUV,Petrol,Automatic,Maroon,872863,15.6,,,950.0,5,75810,7.5,Karthik Gupta,9396942296,UP06XC7467,Agra,Under Maintenance,2024-01-06,2023-03-07,0,806691
VH0754,Honda,Amaze,2015,Sedan,Petrol,Automatic,White,702066,39.6,,,1600.0,5,114798,1.7,Anjali Sharma,9605198031,UK42AZ1423,Dehradun,Available,2024-10-22,2024-04-14,9,210619
VH0499,Kia,Carens,2021,MPV,Petrol,Manual,White,1311940,18.3,,,1800.0,7,86740,5.6,Meera Gupta,9592606909,CH52UK1196,Chandigarh,Available,2025-07-24,2024-01-26,3,883276
VH0277,Tata,Harrier,2017,SUV,Petrol,Manual,Red,1518263,52.4,,,2250.0,5,20852,5.8,Ananya Joshi,9211592272,BR07AY7504,Patna,Available,2024-06-21,2024-03-09,7,636376
VH0326,Ford,EcoSport,2019,Compact SUV,Petrol,Manual,Green,1112435,23.7,,,1350.0,5,26989,6.6,Sunita Yadav,9942827184,KL28QJ3867,Kochi,Available,2024-07-08,2024-06-27,5,637437
VH0012,Renault,Duster,2022,SUV,Diesel,DCT,Brown,1268488,24.2,,,2400.0,5,86874,6.1,Manpreet Tiwari,9304451095,PB61HZ8749,Amritsar,Available,2026-06-01,2023-12-27,2,955331
VH0397,TVS,iQube Electric,2018,Electric Scooter,Electric,Automatic,Black,127278,,134.0,4.9,,2,20519,6.3,Neha Mishra,9749167041,UP07CP1438,Agra,Sold,2025-09-12,2022-07-17,6,63572
VH0285,Renault,Kwid,2018,Hatchback,Petrol,Manual,Orange,454184,54.3,,,1150.0,5,68778,4.7,Divya Verma,9899641923,WB88JK3598,Kolkata,Under Maintenance,2024-09-07,2023-06-03,6,204937
VH0067,Toyota,Fortuner,2023,SUV,CNG,Automatic,Green,4341814,33.7,,,1700.0,5,7368,9.3,Nisha Kaur,9116944811,CH46ZZ4898,Chandigarh,Available,2024-09-16,2024-05-12,1,3962478
VH0192,Maruti Suzuki,Vitara Brezza,2018,Compact SUV,Diesel,Manual,Black,990951,22.2,,,1000.0,5,46536,5.4,Neha Tiwari,9629442753,DL50OX7875,Delhi,Sold,2027-01-23,2024-02-08,6,469179
VH0745,Ola Electric,S1 Air,2015,Electric Scooter,Electric,Automatic,Green,112401,,108.0,78.8,,2,12577,5.1,Divya Joshi,9888592297,TS69PJ6468,Hyderabad,Available,2027-02-17,2022-08-19,9,33720
VH0691,MG,ZS EV,2015,Electric SUV,Electric,Automatic,Red,2256130,,184.0,10.0,,5,6256,5.3,Priya Menon,9788992272,MH33QA5473,Pune,Available,2027-11-25,2023-06-03,9,676839
VH0753,Toyota,Yaris,2022,Sedan,Petrol,Manual,Blue,1314965,22.6,,,1650.0,5,97751,5.7,Neha Singh,9656842161,MH80NF7868,Pune,Under Maintenance,2027-10-01,2023-01-07,2,976031
VH0876,Ola Electric,S1 Air,2022,Electric Scooter,Electric,Automatic,Yellow,133312,,136.0,70.8,,2,12594,8.6,Neha Chauhan,9171703302,GJ24HN6105,Ahmedabad,Available,2027-06-25,2022-04-17,2,110303
VH0690,Honda,CR-V,2021,SUV,CNG,Automatic,Orange,3668627,28.7,,,2200.0,5,23962,7.7,Arun Agarwal,9305067526,HR45XN4502,Gurugram,Available,2024-01-22,2023-02-06,3,2700248
VH0852,Honda,Jazz,2021,Hatchback,CNG,Automatic,Green,1147972,29.7,,,1050.0,5,90130,5.5,Vikram Shah,9540886010,KL71YW8392,Kochi,Available,2024-09-19,2022-02-27,3,768992
VH0160,MG,Gloster,2017,SUV,Petrol,Automatic,Yellow,3438524,47.4,,,2750.0,5,92781,3.4,Arun Agarwal,9280793819,DL73LR5605,Delhi,Available,2025-08-22,2023-08-16,7,1193920
VH0896,Skoda,Octavia,2018,Sedan,Diesel,AMT,Yellow,3711337,14.0,,,1300.0,5,37524,5.7,Kavya Nair,9260338451,DL76DE2764,Delhi,Sold,2025-11-12,2023-10-18,6,1790631
VH0576,Toyota,Yaris,2022,Sedan,Petrol,Manual,Silver,1397129,23.5,,,1500.0,5,69088,6.7,Ananya Chauhan,9882457827,HR84EY3638,Gurugram,Sold,2025-11-30,2024-07-05,2,1077063
VH0258,Honda,Jazz,2017,Hatchback,CNG,AMT,Black,1028234,34.1,,,850.0,5,1432,6.5,Vikram Sharma,9861442766,KL77RN5223,Kochi,Sold,2027-03-29,2024-12-06,7,450950
VH0336,Hyundai,i20,2018,Hatchback,Diesel,DCT,Red,872997,20.3,,,800.0,5,26146,6.1,Sanjay Mishra,9760965579,TN85EO9704,Chennai,Available,2025-02-25,2023-10-11,6,431133
VH0880,Bajaj,Avenger 220,2023,Motorcycle,Petrol,Manual,Silver,172284,40.5,,,500.0,2,22375,8.8,Harpreet Menon,9662072076,MH78SW7638,Pune,Under Maintenance,2026-10-27,2024-10-20,1,154646
VH0040,TVS,iQube Electric,2022,Electric Scooter,Electric,Automatic,Blue,149632,,123.0,25.9,,2,98271,5.7,Suresh Agarwal,9670073085,WB89HJ7046,Kolkata,Available,2027-02-01,2023-11-09,2,110986
VH0516,Hero,Xtreme 160R,2017,Motorcycle,Petrol,Manual,Gold,129816,19.0,,,500.0,2,62785,4.4,Kavya Shah,9836785419,GJ90YH7036,Ahmedabad,Sold,2026-11-20,2024-04-26,7,48968
VH0349,Tata,Nexon,2024,Compact SUV,Diesel,DCT,Gold,1407402,21.2,,,1050.0,5,39109,8.7,Vikas Rao,9846952406,MH78EM4027,Mumbai,Available,2026-08-14,2022-06-05,0,1352359
VH0016,Ford,EcoSport,2015,Compact SUV,Petrol,AMT,Yellow,959987,49.0,,,1100.0,5,53423,3.7,Arun Joshi,9825003955,DL66CF2122,Delhi,Sold,2024-09-02,2023-05-20,9,287996
VH0769,Maruti Suzuki,Baleno,2022,Hatchback,Diesel,DCT,White,878316,19.7,,,1300.0,5,80011,6.3,Ravi Shah,9999164317,GJ14YW8993,Ahmedabad,Available,2026-11-28,2024-02-23,2,667510
VH0747,Royal Enfield,Classic 350,2021,Motorcycle,Petrol,Manual,Orange,241125,14.3,,,400.0,2,101134,5.1,Karthik Menon,9339326299,CH02HK7998,Chandigarh,Available,2025-10-30,2024-12-26,3,158869
VH0762,MG,ZS EV,2024,Electric SUV,Electric,Automatic,Maroon,3215761,,234.0,6.2,,5,22210,9.3,Neha Yadav,9270456296,BR47RH9697,Patna,Available,2027-07-24,2023-04-09,0,3144338
VH0247,Royal Enfield,Himalayan,2020,Adventure Motorcycle,Petrol,Manual,Silver,260592,44.1,,,550.0,2,80011,5.3,Suresh Agarwal,9216858154,MH58LY6004,Nagpur,Available,2024-06-16,2023-07-29,4,156352
VH0204,Toyota,Camry,2024,Sedan,Petrol,Automatic,Gold,5842748,48.2,,,1250.0,5,61346,8.0,Simran Gupta,9394181098,PB05OB6904,Ludhiana,Available,2026-10-31,2024-03-23,0,5484318
VH0468,Royal Enfield,Meteor 350,2022,Motorcycle,Petrol,Manual,Red,275101,30.1,,,350.0,2,26305,8.1,Simran Tiwari,9179929734,MH74ZA4696,Mumbai,Under Maintenance,2024-12-02,2023-11-06,2,223848
VH0984,Hyundai,Tucson,2015,SUV,CNG,AMT,Red,2866850,31.2,,,2550.0,5,98341,2.2,Neha Menon,9681721208,MH73BA3045,Nagpur,Available,2025-12-02,2024-02-07,9,860055
VH0522,Ather,450X,2021,Electric Scooter,Electric,Automatic,Red,210722,,181.0,63.8,,2,60872,6.5,Sunita Mishra,9109866101,HR17QV4639,Gurugram,Available,2025-10-09,2022-10-24,3,147321
VH0023,Mahindra,KUV100,2016,Micro SUV,Petrol,Manual,Blue,759919,23.1,,,1150.0,5,113792,2.2,Rahul Gupta,9527849588,MH40ZH4652,Pune,Available,2024-05-22,2023-07-26,8,227975
VH0357,Maruti Suzuki,Celerio,2024,Hatchback,Petrol,Automatic,Orange,739896,19.4,,,900.0,5,8883,9.7,Kavya Shah,9283276335,UP07JZ2594,Noida,Sold,2024-08-05,2022-08-22,0,733323
VH0278,Renault,Triber,2019,MPV,Petrol,Automatic,Yellow,930419,48.4,,,1300.0,7,18209,6.9,Seema Agarwal,9392502766,HR46KP8654,Gurugram,Available,2027-11-29,2022-12-29,5,541309
VH0313,Hyundai,i20,2022,Hatchback,Petrol,Manual,Orange,993485,24.1,,,1200.0,5,52671,7.2,Ananya Verma,9303850254,WB95BR7347,Kolkata,Available,2025-09-15,2023-08-09,2,782199
VH0683,Mahindra,KUV100,2023,Micro SUV,Petrol,Automatic,Silver,946805,36.4,,,1100.0,5,117094,5.6,Gurpreet Menon,9661008736,CH38DN5820,Chandigarh,Available,2026-01-31,2022-12-06,1,760195
VH0341,Hyundai,Grand i10,2020,Hatchback,Petrol,DCT,Orange,664406,42.3,,,900.0,5,80463,5.3,Kavya Chauhan,9184003766,UP94QY5578,Agra,Available,2024-06-30,2023-05-18,4,398335
VH0432,Kia,Sonet,2016,Compact SUV,Petrol,CVT,Red,895973,18.4,,,1400.0,5,114372,2.2,Neha Dubey,9594096279,CH01MD1217,Chandigarh,Sold,2027-09-09,2024-09-23,8,268791
VH0474,Ford,Figo,2020,Hatchback,Petrol,DCT,Grey,787629,41.8,,,800.0,5,26879,7.1,Rohit Gupta,9315147688,PB65RB7915,Ludhiana,Sold,2024-05-20,2023-12-01,4,514417
VH0218,Honda,CR-V,2024,SUV,Petrol,CVT,Grey,4093152,18.4,,,1800.0,5,21520,9.3,Vikram Yadav,9855309458,UK26YI9571,Dehradun,Available,2024-03-21,2024-10-13,0,4005067
VH0912,Skoda,Superb,2015,Sedan,Petrol,CVT,Yellow,3915982,43.2,,,1400.0,5,42221,4.1,Sunita Rao,9383682425,MP78TD6939,Bhopal,Sold,2024-09-10,2023-01-10,9,1174794
VH0228,Honda,City,2017,Sedan,Petrol,Automatic,Black,1326370,44.4,,,1850.0,5,102922,3.1,Sunita Mishra,9331487470,KA33TG4072,Bangalore,Available,2025-01-25,2023-11-24,7,447090
VH0597,Maruti Suzuki,Dzire,2024,Sedan,Petrol,Manual,Green,870326,28.1,,,1750.0,5,16437,9.5,Neha Chauhan,9896390906,MP79TR1082,Indore,Available,2025-01-29,2022-03-02,0,856020
VH0012,Renault,Duster,2022,SUV,Diesel,DCT,Brown,1268488,24.2,,,2400.0,5,86874,6.1,Manpreet Tiwari,9304451095,PB61HZ8749,Amritsar,Available,2026-06-01,2023-12-27,2,955331
VH0950,Ford,Aspire,2016,Sedan,Petrol,DCT,Green,782241,45.9,,,2000.0,5,102556,2.6,Manpreet Sharma,9729309655,CH02FG1435,Chandigarh,Available,2026-04-29,2022-08-18,8,234672
VH0094,Hero,Splendor Plus,2019,Motorcycle,Petrol,Manual,White,77650,46.4,,,100.0,2,25548,6.6,Suresh Menon,9139321248,TS40QM9897,Hyderabad,Sold,2025-08-08,2024-01-02,5,44606
VH0009,Ford,Aspire,2015,Sedan,Petrol,CVT,Silver,754718,48.1,,,1650.0,5,100193,2.2,Amit Dubey,9976198296,PB08HS2290,Ludhiana,Available,2026-12-26,2022-09-15,9,226415
VH0071,Honda,WR-V,2021,Compact SUV,CNG,CVT,Gold,1163126,26.5,,,1350.0,5,8361,8.2,Sunita Yadav,9971630639,MH12CC8075,Mumbai,Available,2027-04-16,2023-11-07,3,874250
VH0093,Tata,Tiago,2018,Hatchback,Petrol,DCT,Maroon,683595,27.6,,,800.0,5,24391,6.2,Rajesh Pandey,9846668526,MH70KU3868,Pune,Available,2024-10-03,2022-05-10,6,338795
VH0915,Ather,450X,2016,Electric Scooter,Electric,Automatic,Grey,157997,,147.0,54.1,,2,22699,5.2,Suresh Gupta,9882487908,PB90DU1275,Amritsar,Sold,2027-10-29,2024-11-09,8,53292
VH0309,Tata,Nexon EV,2017,Electric SUV,Electric,Automatic,Silver,1688545,,325.0,14.1,,5,117695,2.6,Sanjay Pandey,9900592344,CH98KN7737,Chandigarh,Under Maintenance,2027-07-28,2023-07-15,7,544226
VH0697,Kia,Sonet,2019,Compact SUV,CNG,AMT,Green,897949,29.9,,,1450.0,5,77206,4.9,Kavya Singh,9139439705,MH45YU9569,Pune,Under Maintenance,2026-02-28,2022-11-15,5,469442
VH0828,TVS,Ntorq 125,2024,Scooter,Petrol,Manual,Brown,132066,22.2,,,100.0,2,37522,8.7,Gurpreet Gupta,9662106192,UK78DJ1992,Dehradun,Sold,2025-05-23,2024-02-10,0,127110
VH0997,Maruti Suzuki,Dzire,2020,Sedan,Petrol,Automatic,Grey,885738,25.8,,,1300.0,5,110120,4.3,Manpreet Rao,9891397304,MP28ZF9902,Bhopal,Available,2024-05-08,2022-09-16,4,504764
VH0154,Kia,Sonet,2019,Compact SUV,Petrol,DCT,Yellow,870756,49.8,,,1100.0,5,41578,6.1,Pooja Dubey,9666629680,MH42GO2867,Pune,Under Maintenance,2027-05-07,2024-03-06,5,486249
VH0100,Tata,Safari,2019,SUV,Diesel,Automatic,Yellow,2219262,18.6,,,1650.0,5,61763,5.4,Rahul Yadav,9694875990,UP18HZ9094,Lucknow,Available,2027-02-03,2022-09-23,5,1194488
VH0719,Honda,City,2021,Sedan,Diesel,Automatic,Blue,1566580,19.4,,,1450.0,5,55311,6.7,Ravi Tiwari,9477983555,RJ99YX7571,Jaipur,Sold,2027-05-12,2023-07-26,3,1103951
VH0998,Toyota,Yaris,2015,Sedan,CNG,DCT,Green,936668,28.8,,,1200.0,5,61210,3.5,Suresh Singh,9318997197,MH67HN5299,Mumbai,Sold,2025-12-07,2022-02-19,9,281000
VH0790,Bajaj,Dominar 400,2022,Motorcycle,Petrol,Manual,Maroon,323431,45.6,,,100.0,2,71644,6.6,Vikas Bhatt,9902999305,MP06GC6031,Bhopal,Under Maintenance,2024-12-21,2023-10-05,2,248510
VH0581,Bajaj,Pulsar 150,2018,Motorcycle,Petrol,Manual,Brown,121953,33.0,,,150.0,2,96415,3.8,Vikas Pandey,9217165692,MH60OU9767,Pune,Available,2024-08-09,2024-03-23,6,51657
VH0704,TVS,Jupiter,2020,Scooter,Petrol,Manual,Blue,90046,36.5,,,150.0,2,13059,7.6,Rajesh Pandey,9858302352,HR28PV7165,Faridabad,Available,2026-03-04,2022-09-21,4,60055
VH0213,Hero,Passion Pro,2018,Motorcycle,Petrol,Manual,White,88789,20.9,,,200.0,2,56733,5.1,Arun Tiwari,9780202067,MP98YC3120,Indore,Available,2026-09-04,2024-02-25,6,41133
VH0296,Toyota,Glanza,2015,Hatchback,CNG,Automatic,Yellow,671067,28.1,,,1000.0,5,18641,4.9,Sunita Verma,9594318319,BR66RS3534,Patna,Available,2025-06-26,2024-01-22,9,201320
VH0666,Volkswagen,Polo,2018,Hatchback,CNG,Automatic,Grey,787311,30.5,,,1200.0,5,108293,3.4,Ravi Gupta,9107156607,RJ04TB9844,Jaipur,Available,2024-02-22,2024-01-27,6,324141
VH0261,Renault,Kiger,2017,Compact SUV,Petrol,Automatic,Yellow,819316,46.2,,,1400.0,5,12439,6.1,Neha Mishra,9782767320,UK90VW1852,Dehradun,Available,2024-10-24,2024-08-23,7,350307
VH0488,Ford,Aspire,2021,Sedan,Diesel,AMT,White,808513,17.0,,,1950.0,5,23783,7.7,Amit Singh,9212005417,KA43SO5991,Bangalore,Sold,2024-03-06,2024-09-27,3,595241
VH0560,Skoda,Slavia,2017,Sedan,Petrol,DCT,Brown,1133129,19.9,,,1850.0,5,106405,3.0,Gurpreet Chauhan,9247415405,PB59UM2642,Ludhiana,Sold,2024-01-25,2022-07-24,7,378006
VH0142,Bajaj,Avenger 220,2017,Motorcycle,Petrol,Manual,Maroon,146345,41.1,,,150.0,2,103246,3.1,Amit Menon,9265593497,UK38ZH2204,Dehradun,Available,2027-07-22,2022-11-12,7,49282
VH0120,Kia,Sonet,2024,Compact SUV,Petrol,AMT,Blue,1101872,17.6,,,1500.0,5,31370,9.0,Rekha Patel,9107333788,KA24EP6301,Bangalore,Available,2026-07-03,2023-07-01,0,1067306
VH0802,Mahindra,XUV300,2015,Compact SUV,Petrol,CVT,Brown,898621,32.9,,,1400.0,5,60869,3.5,Vikram Mishra,9552196329,PB52EU6782,Ludhiana,Sold,2026-07-15,2024-06-28,9,269586
VH0513,Hyundai,Venue,2018,Compact SUV,CNG,AMT,Orange,951363,34.1,,,1050.0,5,4388,6.9,Meera Rao,9397171155,UP22CJ2404,Noida,Available,2027-04-14,2023-04-26,6,490534
VH0634,Ola Electric,S1 Air,2017,Electric Scooter,Electric,Automatic,Orange,124217,,250.0,78.4,,2,13153,6.1,Priya Sharma,9886921228,MH75TM2107,Pune,Available,2027-09-24,2022-08-06,7,53021
VH0922,Kia,Carnival,2022,MPV,Petrol,CVT,Green,3157880,23.0,,,1500.0,7,14894,8.5,Ravi Chauhan,9789222523,PB83PM4586,Ludhiana,Under Maintenance,2025-07-02,2024-01-30,2,2605585
VH0788,Renault,Duster,2017,SUV,Diesel,AMT,Green,1081723,17.3,,,2050.0,5,42515,5.1,Seema Chauhan,9197660544,DL62ZV2618,Delhi,Sold,2026-12-15,2024-12-25,7,429968
VH0546,Kia,EV6,2019,Electric SUV,Electric,Automatic,Silver,6552023,,225.0,46.2,,5,14639,7.0,Ananya Mishra,9241108650,HR92EK7551,Gurugram,Available,2024-02-13,2022-09-16,5,3835298
VH0151,MG,Gloster,2022,SUV,Petrol,DCT,Orange,3636994,54.9,,,2250.0,5,60181,7.0,Rajesh Nair,9474015041,KA38NC2901,Bangalore,Available,2025-02-27,2024-12-03,2,2836197
VH0791,Hyundai,Creta,2015,SUV,CNG,AMT,Black,1049271,34.6,,,1550.0,5,92143,2.4,Seema Singh,9646261415,HR56XQ9584,Gurugram,Available,2024-04-01,2023-03-16,9,314781
VH0117,Ather,450X,2021,Electric Scooter,Electric,Automatic,Green,199411,,325.0,72.3,,2,101258,5.1,Anjali Kumar,9793527609,MP84GY5706,Indore,Available,2024-07-02,2023-04-21,3,131360
VH0741,Ford,Aspire,2024,Sedan,Petrol,Manual,Orange,1009711,30.0,,,1950.0,5,36681,8.8,Priya Rao,9160252553,PB36TS7144,Ludhiana,Sold,2027-01-06,2024-01-27,0,972673
VH0691,MG,ZS EV,2015,Electric SUV,Electric,Automatic,Red,2256130,,184.0,10.0,,5,6256,5.3,Priya Menon,9788992272,MH33QA5473,Pune,Available,2027-11-25,2023-06-03,9,676839
VH0082,Kia,Carnival,2024,MPV,Petrol,DCT,Yellow,3349140,16.5,,,1450.0,8,58095,8.1,Priya Patel,9859803019,HR11QU3827,Faridabad,Available,2026-12-09,2024-12-06,0,3154571
VH0831,Maruti Suzuki,WagonR,2020,Hatchback,Petrol,Automatic,Black,657746,48.3,,,800.0,5,94041,4.9,Vikas Chauhan,9159978336,UP37KS1645,Noida,Sold,2024-09-27,2024-10-14,4,385412
VH0120,Kia,Sonet,2024,Compact SUV,Petrol,AMT,Blue,1101872,17.6,,,1500.0,5,31370,9.0,Rekha Patel,9107333788,KA24EP6301,Bangalore,Available,2026-07-03,2023-07-01,0,1067306
VH0657,Bajaj,Pulsar 150,2017,Motorcycle,Petrol,Manual,Yellow,117445,54.9,,,150.0,2,111595,2.8,Gurpreet Tiwari,9678711823,MH29SQ9982,Mumbai,Sold,2026-12-16,2022-04-16,7,38569
VH0908,TVS,Ntorq 125,2015,Scooter,Petrol,Manual,Maroon,88310,30.0,,,150.0,2,63863,3.4,Vikram Singh,9304165230,KA66YZ7593,Bangalore,Sold,2027-04-15,2022-05-18,9,26493
VH0636,MG,Hector,2017,SUV,CNG,Manual,Green,1581205,28.8,,,2500.0,5,26870,5.6,Suresh Pandey,9828908586,PB72GG5136,Amritsar,Available,2024-11-27,2024-06-07,7,653243
VH0370,Ford,EcoSport,2019,Compact SUV,Petrol,CVT,Black,1152306,39.1,,,1450.0,5,88928,4.5,Gurpreet Verma,9652694084,UP88CT6500,Lucknow,Under Maintenance,2026-01-15,2022-04-16,5,588911
VH0269,Maruti Suzuki,Swift,2022,Hatchback,CNG,DCT,Brown,775168,34.0,,,1250.0,5,17309,8.4,Pooja Mishra,9338470307,GJ63FY9374,Ahmedabad,Sold,2024-04-20,2024-12-12,2,637723
VH0656,MG,Gloster,2019,SUV,Petrol,Manual,Grey,3302019,15.8,,,2950.0,5,97761,4.2,Manpreet Kaur,9648463178,TN76AD4464,Chennai,Sold,2026-11-06,2023-12-06,5,1658402
VH0936,Ford,Aspire,2017,Sedan,CNG,CVT,Black,699596,32.7,,,1200.0,5,106402,3.0,Amit Kaur,9277085723,HR89AZ1497,Gurugram,Sold,2027-07-28,2022-06-16,7,233383
VH0823,Royal Enfield,Bullet 350,2022,Motorcycle,Petrol,Manual,Orange,252158,16.5,,,150.0,2,105832,5.5,Karthik Patel,9657017204,MH42WP5740,Mumbai,Under Maintenance,2025-03-19,2024-05-02,2,185126
VH0867,Honda,Jazz,2023,Hatchback,Petrol,Manual,Yellow,1107190,47.3,,,1000.0,5,7183,9.3,Ananya Bhatt,9551501133,MP59RS5539,Indore,Available,2026-05-25,2024-09-29,1,1010661
VH0047,Hero,Passion Pro,2021,Motorcycle,Petrol,Manual,Gold,101340,34.5,,,450.0,2,12470,8.1,Gurpreet Kaur,9748232591,MH11TB8078,Nagpur,Available,2025-04-13,2022-02-12,3,75754
VH0374,Royal Enfield,Meteor 350,2017,Motorcycle,Petrol,Manual,Orange,238859,31.2,,,100.0,2,76351,4.0,Rajesh Chauhan,9792211324,KL25CA4806,Kochi,Available,2025-12-03,2023-10-31,7,86860
VH0709,TVS,Ntorq 125,2023,Scooter,Petrol,Manual,Grey,130076,18.6,,,100.0,2,93241,6.4,Karthik Sharma,9461975213,GJ69YM2310,Surat,Under Maintenance,2027-04-23,2023-06-13,1,107541
VH0992,Ola Electric,S1 Air,2021,Electric Scooter,Electric,Automatic,Red,129484,,135.0,76.8,,2,99366,5.2,Seema Bhatt,9643785206,BR55NB6315,Patna,Available,2026-07-10,2024-06-24,3,85541
VH0877,Mahindra,XUV300,2023,Compact SUV,Petrol,AMT,Maroon,1355681,23.7,,,1150.0,5,61125,7.5,Pooja Singh,9673328017,UK92CC2663,Dehradun,Available,2027-02-07,2024-01-26,1,1164360
VH0774,Volkswagen,Virtus,2020,Sedan,CNG,AMT,Brown,1427237,32.5,,,1450.0,5,39324,6.7,Rekha Chauhan,9851864410,TS03DG6087,Hyderabad,Sold,2027-02-20,2022-12-31,4,914396
VH0220,Skoda,Octavia,2022,Sedan,Petrol,Manual,Blue,4777347,49.8,,,1650.0,5,87447,6.1,Sunita Verma,9110385578,MH87KN2898,Pune,Sold,2027-08-18,2022-12-16,2,3595206
VH1000,Hyundai,Alcazar,2017,SUV,Petrol,Manual,Black,1748679,45.8,,,2550.0,5,114405,2.7,Gurpreet Rao,9521438906,UP59MV4950,Agra,Available,2025-01-07,2024-06-19,7,569361
VH0005,Ford,EcoSport,2018,Compact SUV,Petrol,CVT,Maroon,1055711,16.7,,,1450.0,5,32825,5.9,Meera Pandey,9253407200,HR41GU9179,Faridabad,Available,2027-02-23,2023-06-23,6,514316
VH0004,Volkswagen,Virtus,2020,Sedan,Diesel,CVT,Gold,1298812,20.7,,,1300.0,5,84386,5.2,Neha Pandey,9507437181,UK82FR5010,Dehradun,Available,2027-11-10,2023-03-26,4,773590
VH0724,Renault,Kiger,2016,Compact SUV,Petrol,Manual,Maroon,813356,30.7,,,1400.0,5,80057,3.3,Pooja Agarwal,9229903401,MP50CZ7833,Indore,Sold,2027-08-18,2024-12-29,8,244006
VH0264,MG,Gloster,2021,SUV,Petrol,Automatic,Yellow,3769080,44.2,,,1600.0,5,25996,7.6,Rohit Menon,9342982954,MH71JX6703,Mumbai,Sold,2026-07-20,2024-04-07,3,2766519
VH0570,Tata,Nexon,2024,Compact SUV,Petrol,Automatic,Black,1438574,33.3,,,1100.0,5,91627,6.9,Deepak Kaur,9576713058,UP68WJ8703,Agra,Sold,2024-01-28,2023-08-11,0,1306761
VH0831,Maruti Suzuki,WagonR,2020,Hatchback,Petrol,Automatic,Black,657746,48.3,,,800.0,5,94041,4.9,Vikas Chauhan,9159978336,UP37KS1645,Noida,Sold,2024-09-27,2024-10-14,4,385412
VH0444,Hyundai,Tucson,2021,SUV,Petrol,DCT,Maroon,3873749,43.6,,,2000.0,5,116836,4.6,Simran Mishra,9579091840,MH02IQ3406,Pune,Sold,2027-01-19,2024-06-24,3,2491455
VH0003,Hero,Splendor Plus,2021,Motorcycle,Petrol,Manual,Brown,81087,26.0,,,350.0,2,10958,8.1,Manoj Patel,9930075810,PB25WC1750,Amritsar,Available,2025-04-21,2022-07-26,3,60737
VH0078,Hero,Passion Pro,2016,Motorcycle,Petrol,Manual,Green,77891,18.3,,,400.0,2,44155,4.5,Seema Kumar,9900801837,PB52QC7484,Amritsar,Available,2024-12-10,2022-06-06,8,24601
VH0838,Renault,Duster,2018,SUV,Petrol,Manual,Orange,1147519,22.9,,,1750.0,5,79380,4.4,Gurpreet Kaur,9591649559,TS27PX7366,Hyderabad,Under Maintenance,2024-12-04,2024-10-03,6,505619
VH0791,Hyundai,Creta,2015,SUV,CNG,AMT,Black,1049271,34.6,,,1550.0,5,92143,2.4,Seema Singh,9646261415,HR56XQ9584,Gurugram,Available,2024-04-01,2023-03-16,9,314781
VH0305,Maruti Suzuki,Vitara Brezza,2021,Compact SUV,Diesel,AMT,Grey,1128875,21.2,,,1250.0,5,93884,5.4,Vikram Chauhan,9591759000,MP77RC4054,Indore,Available,2024-02-14,2022-03-23,3,751961
VH0366,Mahindra,XUV300,2018,Compact SUV,CNG,DCT,Orange,1008908,32.9,,,1450.0,5,28869,6.0,Deepak Chauhan,9625288882,RJ74RH2416,Jaipur,Sold,2027-04-26,2024-08-27,6,495505
VH0558,Maruti Suzuki,Ertiga,2018,MPV,CNG,Automatic,Red,1027906,25.2,,,2350.0,7,58458,5.1,Seema Shah,9691500536,UP96WM5216,Agra,Available,2025-03-27,2023-10-27,6,474421
VH0314,Mahindra,Scorpio,2019,SUV,Petrol,Manual,Brown,1695767,51.1,,,2200.0,5,117721,3.6,Sunita Singh,9936156197,UP58CX9202,Noida,Available,2027-11-26,2022-10-05,5,817832
VH0150,Renault,Duster,2017,SUV,Petrol,Manual,Orange,1158244,40.4,,,2500.0,5,67435,4.3,Sunita Sharma,9205877984,WB97KZ8052,Kolkata,Available,2026-11-28,2023-03-29,7,431521
VH0149,Royal Enfield,Thunderbird 350,2016,Motorcycle,Petrol,Manual,Black,202968,38.5,,,400.0,2,70873,3.6,Priya Yadav,9853374076,BR65WN9907,Patna,Sold,2027-05-01,2022-06-24,8,60890
VH0214,Hyundai,Verna,2020,Sedan,Petrol,CVT,Silver,1394227,35.8,,,1200.0,5,50772,6.3,Arjun Yadav,9435106513,HR01UX5076,Gurugram,Available,2026-10-27,2023-09-19,4,877286
VH0575,Bajaj,Dominar 400,2017,Motorcycle,Petrol,Manual,Silver,259945,18.0,,,400.0,2,77355,3.9,Rahul Bhatt,9954772900,UP65DQ3460,Agra,Available,2024-03-17,2023-08-18,7,94267
VH0051,Mahindra,XUV300,2023,Compact SUV,Petrol,DCT,Grey,1245771,23.2,,,1050.0,5,54959,7.7,Rekha Kumar,9646397165,MH16UE9165,Nagpur,Sold,2026-09-15,2024-08-25,1,1077642
VH0553,Tata,Tiago,2019,Hatchback,Petrol,Automatic,Brown,683591,20.3,,,900.0,5,59283,5.5,Vikas Agarwal,9472952982,UP54RW5137,Lucknow,Sold,2027-07-13,2022-08-29,5,369629
VH0727,Hero,Passion Pro,2022,Motorcycle,Petrol,Manual,Yellow,100408,37.3,,,100.0,2,38670,7.7,Arjun Yadav,9705095857,TN19QJ1425,Chennai,Available,2025-09-20,2022-11-21,2,80459
VH0834,Hyundai,Creta,2018,SUV,Diesel,Automatic,Green,1345092,13.8,,,2000.0,5,3581,6.9,Rahul Chauhan,9921988751,TS50YU7484,Hyderabad,Available,2027-10-03,2024-04-29,6,694631
VH0378,Ford,Endeavour,2015,SUV,Petrol,DCT,Maroon,3232780,42.9,,,2250.0,5,58447,3.6,Manpreet Bhatt,9882267928,KL97SV3409,Kochi,Under Maintenance,2025-11-24,2022-08-19,9,969834
VH0116,Volkswagen,Taigun,2017,Compact SUV,Petrol,DCT,White,1251392,23.8,,,1000.0,5,62418,4.4,Priya Rao,9543778963,HR68HU4814,Gurugram,Available,2024-07-24,2022-10-09,7,472503
VH0167,Toyota,Urban Cruiser,2017,Compact SUV,Diesel,Manual,Black,987057,12.1,,,1500.0,5,58484,4.6,Divya Nair,9542070132,RJ57LX4490,Jaipur,Sold,2025-03-20,2022-06-27,7,376578
VH0471,Hyundai,Creta,2019,SUV,Petrol,AMT,Blue,1195930,44.8,,,1850.0,5,81792,4.8,Meera Pandey,9953801568,UK85TA8428,Dehradun,Available,2027-06-22,2022-07-27,5,619740
VH0972,Honda,Amaze,2018,Sedan,Petrol,Manual,Green,871276,36.4,,,1650.0,5,113762,3.2,Seema Bhatt,9446842944,GJ76BX3763,Ahmedabad,Available,2026-03-21,2023-08-26,6,353945
VH0654,Ola Electric,S1 Air,2024,Electric Scooter,Electric,Automatic,Black,146177,,241.0,59.5,,2,79219,7.4,Manoj Yadav,9680294485,DL92II1264,Delhi,Sold,2025-04-25,2023-12-18,0,134597
VH0400,Ather,450 Plus,2022,Electric Scooter,Electric,Automatic,Yellow,169928,,140.0,42.8,,2,42506,7.6,Arun Yadav,9922991714,WB34PS7189,Kolkata,Under Maintenance,2024-05-05,2022-02-27,2,135516
VH0512,Tata,Tigor,2023,Sedan,Petrol,CVT,Grey,902571,21.0,,,1750.0,5,107241,5.9,Neha Chauhan,9218367418,RJ91EG8970,Jaipur,Available,2025-03-11,2023-01-16,1,733572
VH0321,Ola Electric,S1 Pro,2022,Electric Scooter,Electric,Automatic,Green,188219,,254.0,76.7,,2,46880,7.4,Pooja Chauhan,9717554752,HR37NT6185,Faridabad,Under Maintenance,2024-09-22,2024-10-13,2,149280
VH0020,TVS,Ntorq 125,2015,Scooter,Petrol,Manual,Green,84295,31.4,,,150.0,2,72809,3.1,Divya Menon,9273497327,DL01KY3143,Delhi,Sold,2027-12-16,2024-05-25,9,25288
VH0685,Maruti Suzuki,Vitara Brezza,2018,Compact SUV,Diesel,Manual,Red,1024926,16.3,,,1000.0,5,2351,6.9,Rohit Agarwal,9342697336,UK60TF2093,Dehradun,Available,2025-01-29,2023-07-17,6,530551
VH0036,Honda,Amaze,2019,Sedan,Petrol,DCT,Blue,772244,26.8,,,1800.0,5,16366,7.0,Sunita Kumar,9834717549,WB92GC4978,Kolkata,Sold,2027-03-05,2022-03-26,5,450707
VH0903,Royal Enfield,Classic 350,2016,Motorcycle,Petrol,Manual,Gold,210331,25.2,,,500.0,2,76544,3.4,Harpreet Shah,9812228196,GJ03QX6016,Surat,Available,2025-03-13,2024-12-29,8,63099
VH0779,Ford,EcoSport,2024,Compact SUV,Diesel,CVT,White,1355516,20.4,,,1400.0,5,57671,8.1,Kavya Shah,9570160357,PB60IS1871,Ludhiana,Available,2024-05-12,2022-12-17,0,1277342
VH0828,TVS,Ntorq 125,2024,Scooter,Petrol,Manual,Brown,132066,22.2,,,100.0,2,37522,8.7,Gurpreet Gupta,9662106192,UK78DJ1992,Dehradun,Sold,2025-05-23,2024-02-10,0,127110
VH0854,Hyundai,Tucson,2024,SUV,CNG,AMT,White,3706340,26.5,,,2800.0,5,86204,7.1,Rahul Mishra,9932944604,MH26PP5080,Mumbai,Sold,2024-12-27,2024-02-11,0,3386838
VH0408,TVS,iQube Electric,2021,Electric Scooter,Electric,Automatic,White,141371,,109.0,18.6,,2,6035,8.3,Manoj Agarwal,9288962695,GJ18AI5551,Ahmedabad,Sold,2026-09-22,2022-02-10,3,106588
VH0921,Hero,Passion Pro,2018,Motorcycle,Petrol,Manual,Orange,83530,50.1,,,200.0,2,46092,5.5,Suresh Chauhan,9170110003,KL36FN1225,Kochi,Available,2025-09-12,2023-04-05,6,39585
VH0538,Toyota,Glanza,2015,Hatchback,Petrol,Automatic,Orange,726852,19.8,,,1250.0,5,93139,2.4,Simran Patel,9828228055,UP35BX7064,Agra,Sold,2026-07-26,2023-01-10,9,218055
VH0759,Ford,EcoSport,2024,Compact SUV,Petrol,AMT,Blue,1388102,21.7,,,1450.0,5,86412,7.1,Ravi Pandey,9226507324,WB58GO5305,Kolkata,Sold,2026-11-19,2023-11-22,0,1268153
VH0905,Maruti Suzuki,Baleno,2017,Hatchback,CNG,Automatic,Black,762558,31.7,,,1100.0,5,41065,5.1,Rohit Rao,9921512026,RJ55GX3685,Jaipur,Under Maintenance,2027-01-15,2022-05-21,7,304211
VH0063,Renault,Kiger,2015,Compact SUV,Petrol,DCT,Black,734280,39.0,,,1500.0,5,5377,5.3,Divya Tiwari,9225279834,MH82OW5951,Mumbai,Available,2025-09-15,2024-10-05,9,220284
VH0200,Ather,450 Plus,2023,Electric Scooter,Electric,Automatic,Black,167945,,170.0,43.8,,2,19924,8.8,Manpreet Tiwari,9220816186,CH90TS9561,Chandigarh,Available,2027-03-06,2022-07-25,1,151163
VH0246,Skoda,Kushaq,2018,Compact SUV,CNG,AMT,Maroon,1233375,31.2,,,1200.0,5,41553,5.6,Manpreet Kaur,9559891563,HR75ES6971,Faridabad,Available,2025-05-19,2023-03-30,6,590104
VH0417,Kia,Carnival,2017,MPV,Petrol,AMT,Black,2895723,38.6,,,1500.0,7,59968,4.5,Simran Chauhan,9567248132,MH22SD1231,Pune,Sold,2027-10-11,2024-10-09,7,1100467
VH0128,Hyundai,Verna,2015,Sedan,Petrol,AMT,Silver,1058399,22.9,,,1250.0,5,42530,4.1,Nisha Shah,9929506584,TN65JH6224,Chennai,Sold,2025-04-30,2023-09-11,9,317519
VH0785,Bajaj,Dominar 400,2015,Motorcycle,Petrol,Manual,Yellow,244721,37.3,,,350.0,2,13209,5.1,Neha Agarwal,9334477138,MH23GU9162,Mumbai,Under Maintenance,2027-10-31,2022-11-13,9,73416
VH0743,Ola Electric,S1 Air,2015,Electric Scooter,Electric,Automatic,Grey,103981,,297.0,7.9,,2,24635,4.7,Vikas Pandey,9902378486,HR92XK6918,Faridabad,Sold,2025-10-19,2024-08-17,9,31194
VH0490,Toyota,Camry,2021,Sedan,Petrol,Manual,Maroon,5524304,51.0,,,1500.0,5,77503,5.9,Neha Shah,9717499666,TN27JN8778,Chennai,Under Maintenance,2025-02-19,2024-10-26,3,3770320
VH0155,Bajaj,Pulsar 150,2020,Motorcycle,Petrol,Manual,Blue,129803,32.8,,,200.0,2,40526,6.6,Manoj Nair,9436280635,HR91ZJ2388,Gurugram,Available,2024-08-27,2023-01-10,4,83005
VH0962,Royal Enfield,Classic 350,2022,Motorcycle,Petrol,Manual,Gold,231357,22.9,,,500.0,2,118271,5.1,Anjali Shah,9488481638,UP30QT4610,Agra,Sold,2026-12-01,2022-10-11,2,166977
VH0854,Hyundai,Tucson,2024,SUV,CNG,AMT,White,3706340,26.5,,,2800.0,5,86204,7.1,Rahul Mishra,9932944604,MH26PP5080,Mumbai,Sold,2024-12-27,2024-02-11,0,3386838
VH0312,Tata,Punch,2022,Micro SUV,Petrol,AMT,Gold,1002062,49.5,,,950.0,5,97816,5.7,Gurpreet Kaur,9523216102,GJ52YB7232,Surat,Sold,2027-03-17,2024-12-11,2,743714
VH0626,Tata,Punch,2024,Micro SUV,CNG,Automatic,White,1044947,28.7,,,1200.0,5,106338,6.5,Karthik Mishra,9819492101,PB38BY7433,Amritsar,Available,2026-11-26,2024-07-31,0,933829
VH0686,Royal Enfield,Meteor 350,2019,Motorcycle,Petrol,Manual,Red,251655,45.4,,,300.0,2,28869,6.5,Amit Bhatt,9263661669,BR70UV4319,Patna,Available,2025-07-27,2023-01-01,5,143727
VH0562,Tata,Harrier,2017,SUV,Petrol,DCT,Green,1750621,47.4,,,1950.0,5,3279,6.4,Ravi Menon,9773757807,TS62EH1915,Hyderabad,Available,2024-04-01,2022-07-30,7,764532
VH0570,Tata,Nexon,2024,Compact SUV,Petrol,Automatic,Black,1438574,33.3,,,1100.0,5,91627,6.9,Deepak Kaur,9576713058,UP68WJ8703,Agra,Sold,2024-01-28,2023-08-11,0,1306761
VH0909,Renault,Kiger,2023,Compact SUV,Petrol,AMT,Orange,968218,29.1,,,1000.0,5,98768,6.2,Rahul Yadav,9796554388,DL58GA6823,Delhi,Available,2024-01-16,2023-10-08,1,795131
VH0018,Hero,Splendor Plus,2016,Motorcycle,Petrol,Manual,White,74021,34.7,,,200.0,2,40151,4.7,Neha Pandey,9995226828,MH09HL5669,Pune,Available,2027-06-06,2024-12-19,8,23675
VH0128,Hyundai,Verna,2015,Sedan,Petrol,AMT,Silver,1058399,22.9,,,1250.0,5,42530,4.1,Nisha Shah,9929506584,TN65JH6224,Chennai,Sold,2025-04-30,2023-09-11,9,317519
VH0347,Ford,EcoSport,2016,Compact SUV,Petrol,CVT,Green,1079007,31.7,,,1500.0,5,89011,3.0,Pooja Bhatt,9519998159,GJ43II2610,Ahmedabad,Available,2025-05-10,2023-02-04,8,323702
VH0280,Ola Electric,S1 Pro,2020,Electric Scooter,Electric,Automatic,Grey,163231,,236.0,3.2,,2,30805,7.0,Harpreet Tiwari,9956808156,MP97PJ1149,Indore,Available,2024-01-15,2024-02-05,4,105968
VH0969,Hyundai,Grand i10,2017,Hatchback,Petrol,AMT,Red,618265,38.4,,,1050.0,5,21598,5.8,Gurpreet Dubey,9512824934,CH72ZC9062,Chandigarh,Under Maintenance,2027-03-03,2022-05-17,7,258683
VH0928,Volkswagen,Vento,2015,Sedan,Petrol,CVT,Brown,1017393,40.9,,,1200.0,5,75954,3.0,Sunita Joshi,9640844247,MP28ZN6418,Indore,Available,2025-07-22,2022-01-01,9,305217
VH0981,MG,Gloster,2023,SUV,Petrol,AMT,Orange,4329220,44.8,,,1550.0,5,53145,7.7,Rekha Singh,9352630965,HR84OC6848,Faridabad,Sold,2026-07-05,2024-03-10,1,3752806
VH0965,Toyota,Fortuner,2023,SUV,CNG,DCT,Red,4530526,34.2,,,1650.0,5,101837,6.1,Ravi Nair,9358343141,GJ25YI7531,Ahmedabad,Available,2025-09-28,2024-11-08,1,3706708
VH0191,Hyundai,Venue,2024,Compact SUV,CNG,DCT,Orange,1109483,30.7,,,1350.0,5,12129,9.6,Rohit Kaur,9280267742,TN43XC4899,Chennai,Sold,2027-12-22,2023-11-19,0,1096026
VH0140,Ford,EcoSport,2018,Compact SUV,Petrol,Automatic,Maroon,1122951,43.2,,,1300.0,5,43980,5.5,Nisha Mishra,9826960759,MH39FS4939,Mumbai,Sold,2026-02-25,2022-10-14,6,534547
VH0993,Skoda,Slavia,2017,Sedan,Petrol,CVT,Green,1202062,54.3,,,1600.0,5,80932,3.8,Rohit Kaur,9945687419,BR81KX7913,Patna,Sold,2025-08-12,2022-12-31,7,431621
VH0956,Hero,Splendor Plus,2020,Motorcycle,Petrol,Manual,Orange,91497,22.7,,,200.0,2,57678,6.1,Rajesh Tiwari,9646615999,UP33KL1852,Lucknow,Available,2027-03-17,2022-08-11,4,56940
VH0657,Bajaj,Pulsar 150,2017,Motorcycle,Petrol,Manual,Yellow,117445,54.9,,,150.0,2,111595,2.8,Gurpreet Tiwari,9678711823,MH29SQ9982,Mumbai,Sold,2026-12-16,2022-04-16,7,38569
VH0607,Mahindra,Thar,2018,Off-Road SUV,Diesel,CVT,Maroon,1911896,19.0,,,2000.0,4,104260,3.5,Amit Menon,9453614288,GJ06DB5985,Ahmedabad,Sold,2026-02-16,2023-07-07,6,794851
VH0181,Hero,Passion Pro,2016,Motorcycle,Petrol,Manual,Green,73029,47.1,,,300.0,2,33034,4.9,Rajesh Kaur,9259261469,HR90TB4522,Faridabad,Available,2025-12-29,2024-03-22,8,23878
VH0302,Mahindra,XUV300,2024,Compact SUV,Petrol,DCT,Blue,1222551,15.8,,,1150.0,5,19856,9.3,Sunita Verma,9360971128,UP88LE2405,Lucknow,Under Maintenance,2025-08-12,2022-01-29,0,1198276
VH0497,Ola Electric,S1 Pro,2021,Electric Scooter,Electric,Automatic,Brown,181283,,213.0,6.7,,2,26712,7.6,Rekha Patel,9502271684,CH07YM4305,Chandigarh,Under Maintenance,2024-07-06,2022-02-02,3,132932
VH0721,Mahindra,KUV100,2016,Micro SUV,Petrol,DCT,White,733761,53.9,,,1100.0,5,11052,5.6,Karthik Shah,9765634347,UP82AT4673,Lucknow,Available,2027-05-12,2024-04-17,8,256044
VH0710,Ola Electric,S1 Air,2021,Electric Scooter,Electric,Automatic,Silver,126679,,172.0,5.7,,2,101010,5.1,Pooja Tiwari,9462346788,MP59LB7050,Indore,Sold,2024-02-18,2023-07-02,3,83480
VH0888,Tata,Altroz,2020,Hatchback,Petrol,CVT,Gold,837023,53.2,,,1000.0,5,89885,5.0,Divya Kaur,9665549649,PB72RX6416,Amritsar,Available,2027-04-22,2024-12-01,4,493939
VH0992,Ola Electric,S1 Air,2021,Electric Scooter,Electric,Automatic,Red,129484,,135.0,76.8,,2,99366,5.2,Seema Bhatt,9643785206,BR55NB6315,Patna,Available,2026-07-10,2024-06-24,3,85541
VH0518,Bajaj,Dominar 400,2024,Motorcycle,Petrol,Manual,Orange,298759,19.9,,,500.0,2,72425,7.6,Suresh Joshi,9423570275,PB92QB3094,Amritsar,Sold,2026-08-14,2022-12-11,0,277121
VH0985,Volkswagen,Vento,2023,Sedan,Petrol,AMT,Grey,1355438,22.0,,,1750.0,5,76004,7.0,Divya Nair,9833930010,UK38FU5040,Dehradun,Available,2025-07-05,2024-03-12,1,1143984
VH0070,Ola Electric,S1 Air,2022,Electric Scooter,Electric,Automatic,Brown,142348,,210.0,10.4,,2,108951,5.4,Deepak Pandey,9345343109,HR15UU4522,Faridabad,Available,2026-07-17,2024-03-27,2,104063
VH0477,Skoda,Superb,2018,Sedan,Petrol,CVT,Black,4157004,15.2,,,1500.0,5,3317,6.9,Anjali Agarwal,9364102119,KL23HI3855,Kochi,Available,2024-12-26,2023-06-21,6,2147853
VH0158,Hyundai,Tucson,2018,SUV,Petrol,CVT,Green,3086501,32.8,,,2650.0,5,71546,4.6,Pooja Agarwal,9983993176,MP71QD2871,Indore,Under Maintenance,2024-03-26,2024-06-22,6,1384153
VH0244,Ather,450X,2019,Electric Scooter,Electric,Automatic,Black,172214,,289.0,74.3,,2,109912,3.8,Karthik Singh,9297560682,MH28NU9397,Pune,Available,2025-06-01,2023-02-02,5,84400
VH0196,Maruti Suzuki,Alto,2017,Hatchback,CNG,Manual,Silver,379981,26.2,,,1100.0,5,116563,2.6,Divya Agarwal,9516104074,MP63VI2493,Indore,Available,2026-02-20,2024-01-27,7,122899
VH0017,Hyundai,i20,2021,Hatchback,Petrol,DCT,White,905389,52.3,,,950.0,5,60429,6.5,Meera Nair,9821221887,HR92KH5351,Gurugram,Sold,2025-10-09,2022-05-29,3,633383
VH0536,Ford,EcoSport,2020,Compact SUV,CNG,CVT,Black,1078826,33.0,,,1200.0,5,115255,4.2,Sunita Rao,9288690127,CH13MH7203,Chandigarh,Available,2025-09-19,2024-09-29,4,609261
VH0073,Volkswagen,Vento,2021,Sedan,Petrol,DCT,Silver,1277749,40.4,,,1200.0,5,45041,7.0,Neha Menon,9854517058,UK85WI1474,Dehradun,Sold,2025-12-19,2022-01-13,3,913538
VH0972,Honda,Amaze,2018,Sedan,Petrol,Manual,Green,871276,36.4,,,1650.0,5,113762,3.2,Seema Bhatt,9446842944,GJ76BX3763,Ahmedabad,Available,2026-03-21,2023-08-26,6,353945
VH0547,MG,Hector,2018,SUV,Petrol,CVT,Grey,1563828,38.5,,,1500.0,5,96084,3.8,Amit Tiwari,9366016633,GJ62JJ8961,Surat,Sold,2026-11-13,2023-01-18,6,662931
VH0540,Hyundai,i20,2019,Hatchback,Petrol,AMT,Brown,889907,14.4,,,1100.0,5,116902,3.6,Suresh Chauhan,9835643996,HR66XE8858,Gurugram,Under Maintenance,2026-12-26,2022-09-13,5,429912
VH0659,Royal Enfield,Himalayan,2016,Adventure Motorcycle,Petrol,Manual,Brown,235219,34.7,,,500.0,2,108868,2.4,Manpreet Tiwari,9346706467,UP62TH8355,Noida,Available,2024-09-13,2023-05-17,8,70565
VH0626,Tata,Punch,2024,Micro SUV,CNG,Automatic,White,1044947,28.7,,,1200.0,5,106338,6.5,Karthik Mishra,9819492101,PB38BY7433,Amritsar,Available,2026-11-26,2024-07-31,0,933829
VH0020,TVS,Ntorq 125,2015,Scooter,Petrol,Manual,Green,84295,31.4,,,150.0,2,72809,3.1,Divya Menon,9273497327,DL01KY3143,Delhi,Sold,2027-12-16,2024-05-25,9,25288
VH0663,Hero,Xtreme 160R,2019,Motorcycle,Petrol,Manual,Brown,159301,42.7,,,200.0,2,88830,4.5,Karthik Sharma,9737322987,UP99SQ2372,Agra,Available,2027-08-22,2024-07-17,5,81429
VH0505,Kia,Sonet,2021,Compact SUV,Diesel,DCT,Green,957095,15.7,,,1350.0,5,62197,6.4,Amit Yadav,9527611745,UP26IZ8883,Noida,Available,2026-06-22,2024-05-15,3,667863
VH0960,Skoda,Superb,2016,Sedan,Petrol,CVT,Silver,3935911,46.1,,,1800.0,5,66093,3.8,Nisha Rao,9416117648,UP73HE6412,Noida,Available,2025-09-26,2023-02-03,8,1180773
VH0882,Toyota,Yaris,2019,Sedan,Petrol,Automatic,Gold,1096915,50.9,,,1900.0,5,7230,7.3,Rohit Gupta,9597463844,GJ63MO8621,Ahmedabad,Available,2025-05-17,2022-10-26,5,650218
VH0284,Hyundai,Alcazar,2016,SUV,Diesel,Manual,Orange,1610703,17.1,,,2350.0,5,94174,2.9,Rajesh Sharma,9230955221,MP24GI7251,Indore,Under Maintenance,2025-05-24,2024-02-28,8,483210
VH0798,Hero,HF Deluxe,2015,Motorcycle,Petrol,Manual,Red,54473,20.3,,,300.0,2,9594,5.2,Anjali Pandey,9127176053,MP09HF4184,Bhopal,Sold,2025-05-18,2024-12-18,9,16341
VH0627,Tata,Nexon,2019,Compact SUV,Petrol,CVT,Green,1191298,47.7,,,1450.0,5,94472,4.4,Gurpreet Bhatt,9824145444,MP89KB2989,Indore,Available,2024-04-18,2023-02-24,5,602234
VH0226,Bajaj,Avenger 220,2015,Motorcycle,Petrol,Manual,Grey,132636,14.0,,,150.0,2,45176,4.0,Ravi Gupta,9802867083,UK80UJ9328,Dehradun,Sold,2026-01-14,2022-04-22,9,39790
VH0027,Ather,450X,2019,Electric Scooter,Electric,Automatic,Red,174701,,210.0,65.0,,2,118619,3.5,Kavya Gupta,9648868899,UK84KO8238,Dehradun,Available,2024-12-13,2022-06-23,5,84097
VH0771,Ola Electric,S1 Pro,2021,Electric Scooter,Electric,Automatic,Red,185121,,260.0,61.7,,2,54520,6.7,Rahul Kaur,9206090203,GJ86AG3961,Surat,Available,2024-02-28,2024-07-24,3,130599
VH0438,Mahindra,Bolero,2018,MUV,CNG,Manual,Red,1281366,26.3,,,1800.0,7,6666,6.8,Suresh Kumar,9352027504,UK63DZ7815,Dehradun,Available,2024-02-07,2024-01-05,6,657768
VH0949,Hyundai,Verna,2018,Sedan,Petrol,Manual,Orange,1273342,22.1,,,1500.0,5,11492,6.6,Priya Tiwari,9137320548,TN52UK4698,Chennai,Sold,2027-06-07,2024-10-31,6,647504
VH0389,Mahindra,KUV100,2019,Micro SUV,Petrol,Manual,White,757267,49.1,,,900.0,5,103264,4.1,Karthik Joshi,9556130975,HR30JE4438,Faridabad,Sold,2024-08-16,2022-06-09,5,376161
VH0230,Mahindra,KUV100,2024,Micro SUV,Diesel,Automatic,Brown,868054,20.5,,,1050.0,5,59855,8.0,Pooja Mishra,9468141835,MP50NT5067,Bhopal,Under Maintenance,2024-09-30,2022-10-10,0,816096
VH0038,Ather,450 Plus,2022,Electric Scooter,Electric,Automatic,Orange,166134,,287.0,49.6,,2,50174,7.3,Arjun Pandey,9711871397,TS32CI8385,Hyderabad,Sold,2025-11-19,2022-02-28,2,131216
VH0750,Hero,Xtreme 160R,2021,Motorcycle,Petrol,Manual,Maroon,154067,45.6,,,150.0,2,64608,6.3,Sunita Singh,9912399890,MH23QS9462,Mumbai,Available,2027-05-23,2024-01-04,3,107136
VH0046,Renault,Duster,2024,SUV,Diesel,AMT,Black,1343262,14.9,,,1700.0,5,75107,7.5,Manpreet Kumar,9738923667,GJ19CB3718,Ahmedabad,Sold,2025-08-14,2024-06-18,0,1242373
VH0399,Ford,Aspire,2022,Sedan,Petrol,Manual,Gold,829619,36.8,,,1650.0,5,75060,6.5,Sanjay Mishra,9623400737,HR22PN3203,Faridabad,Sold,2027-10-14,2024-10-01,2,634608
VH0470,Tata,Altroz,2016,Hatchback,Petrol,DCT,Black,637108,54.0,,,800.0,5,82575,3.2,Priya Pandey,9158829061,WB41WC3089,Kolkata,Available,2026-06-03,2022-05-15,8,191132
VH0693,Tata,Tigor,2016,Sedan,Petrol,AMT,White,699488,16.6,,,1350.0,5,77419,3.4,Anjali Kaur,9861614695,BR36GU1273,Patna,Available,2026-01-20,2024-11-23,8,209846
VH0968,Mahindra,KUV100,2023,Micro SUV,Diesel,DCT,Silver,979188,20.3,,,900.0,5,78990,6.9,Pooja Sharma,9631790821,DL94LH5584,Delhi,Available,2025-07-30,2024-03-11,1,823506
VH0688,Mahindra,Scorpio,2015,SUV,CNG,Manual,Brown,1513780,25.5,,,2300.0,5,73919,3.0,Sanjay Chauhan,9916051762,MH55VP6359,Nagpur,Available,2026-03-16,2024-02-12,9,454134
VH0844,MG,Gloster,2022,SUV,Petrol,Automatic,Silver,3790802,51.0,,,2650.0,5,61774,6.9,Deepak Singh,9722997665,BR70EK6681,Patna,Available,2025-12-12,2023-08-22,2,2950100
VH0640,Ola Electric,S1 Air,2021,Electric Scooter,Electric,Automatic,Grey,140676,,239.0,58.0,,2,44348,7.0,Priya Kaur,9552480926,KA75PI1491,Bangalore,Available,2024-05-01,2022-10-13,3,100675
VH0713,Ola Electric,S1 Pro,2020,Electric Scooter,Electric,Automatic,Red,182605,,291.0,26.5,,2,15760,7.5,Gurpreet Joshi,9998564400,WB03FX5208,Kolkata,Under Maintenance,2025-01-27,2023-06-19,4,121293
VH0219,TVS,Ntorq 125,2018,Scooter,Petrol,Manual,Orange,92785,41.5,,,100.0,2,13776,6.5,Harpreet Chauhan,9180582403,PB86PE2475,Amritsar,Sold,2025-06-08,2023-04-19,6,46969
VH0159,Kia,EV6,2016,Electric SUV,Electric,Automatic,Maroon,6567462,,267.0,62.2,,5,15886,5.5,Seema Joshi,9571447714,KL05OI6711,Kochi,Sold,2025-04-30,2023-03-06,8,2259955
VH0416,Toyota,Glanza,2017,Hatchback,Petrol,CVT,Orange,804319,22.1,,,1100.0,5,82633,3.7,Rahul Sharma,9699717002,MH24MM4677,Pune,Sold,2025-04-13,2022-07-02,7,287437
VH0528,Renault,Kiger,2022,Compact SUV,CNG,DCT,Black,1048147,31.5,,,1300.0,5,58842,7.0,Seema Mishra,9395510969,HR86VC8596,Faridabad,Sold,2026-01-22,2022-01-24,2,818768
VH0656,MG,Gloster,2019,SUV,Petrol,Manual,Grey,3302019,15.8,,,2950.0,5,97761,4.2,Manpreet Kaur,9648463178,TN76AD4464,Chennai,Sold,2026-11-06,2023-12-06,5,1658402
VH0301,Ola Electric,S1 Pro,2018,Electric Scooter,Electric,Automatic,Red,146278,,298.0,36.7,,2,45657,5.5,Deepak Yadav,9473992719,HR74CD7776,Gurugram,Available,2027-05-01,2022-02-19,6,69385
VH0823,Royal Enfield,Bullet 350,2022,Motorcycle,Petrol,Manual,Orange,252158,16.5,,,150.0,2,105832,5.5,Karthik Patel,9657017204,MH42WP5740,Mumbai,Under Maintenance,2025-03-19,2024-05-02,2,185126
VH0801,Bajaj,Avenger 220,2018,Motorcycle,Petrol,Manual,Red,151848,39.1,,,350.0,2,84005,4.2,Ravi Yadav,9340346197,UP59PE8441,Noida,Available,2024-12-23,2024-03-06,6,66204
VH0604,Volkswagen,Virtus,2016,Sedan,Petrol,AMT,White,1087721,27.4,,,1800.0,5,37772,4.7,Divya Bhatt,9104989688,PB74AJ1292,Ludhiana,Under Maintenance,2024-09-25,2024-04-04,8,350494
VH0161,Volkswagen,Polo,2017,Hatchback,Petrol,Manual,Yellow,889904,49.5,,,900.0,5,51972,4.8,Rajesh Patel,9917626034,HR17HE6277,Faridabad,Sold,2026-09-29,2022-10-19,7,345307
VH0957,TVS,iQube Electric,2023,Electric Scooter,Electric,Automatic,Grey,150419,,136.0,51.9,,2,1149,9.5,Sunita Patel,9426424160,MP34JX1660,Bhopal,Sold,2026-12-16,2024-07-05,1,138212
VH0187,Renault,Triber,2016,MPV,Diesel,Automatic,Yellow,855689,22.6,,,2450.0,7,42181,4.6,Rekha Singh,9289086333,PB74ZM6813,Ludhiana,Available,2027-11-29,2024-01-05,8,271954
VH0822,Mahindra,XUV700,2016,SUV,Petrol,AMT,Brown,1672339,25.1,,,1800.0,5,64271,3.9,Rajesh Agarwal,9398145460,CH64MF5972,Chandigarh,Available,2027-05-27,2024-10-19,8,501701
VH0682,TVS,Apache RTR 160,2016,Motorcycle,Petrol,Manual,Orange,124378,17.2,,,200.0,2,15398,5.5,Neha Gupta,9569870769,CH21QX2990,Chandigarh,Sold,2024-03-20,2024-05-18,8,42860
VH0878,Mahindra,XUV700,2023,SUV,Diesel,Automatic,Silver,2242191,16.2,,,1750.0,5,6836,9.3,Vikas Verma,9522845630,GJ66AQ9265,Ahmedabad,Available,2026-08-18,2022-11-16,1,2047488
VH0914,Royal Enfield,Classic 350,2020,Motorcycle,Petrol,Manual,Silver,220801,16.1,,,150.0,2,71536,5.6,Priya Dubey,9969194628,KA76AD8814,Bangalore,Available,2024-08-06,2023-06-26,4,134349
VH0153,Ather,450 Plus,2022,Electric Scooter,Electric,Automatic,Maroon,160032,,203.0,52.6,,2,56802,7.1,Rahul Shah,9311875497,RJ82VN7481,Jaipur,Available,2026-03-07,2022-01-10,2,125336
VH0871,Mahindra,XUV700,2018,SUV,CNG,Manual,Maroon,1649661,31.7,,,2150.0,5,58713,5.0,Arjun Rao,9188043753,PB77MO4496,Amritsar,Available,2026-06-25,2022-11-04,6,760967
VH0777,Renault,Kwid,2024,Hatchback,Petrol,AMT,Brown,541070,36.6,,,1250.0,5,93134,6.9,Divya Bhatt,9515649533,UP53FQ7547,Lucknow,Sold,2026-01-15,2023-06-24,0,490677
VH0510,Tata,Tigor,2021,Sedan,Petrol,Manual,Maroon,816749,21.7,,,1850.0,5,77318,5.9,Ananya Agarwal,9807044021,RJ55IW5951,Jaipur,Sold,2025-09-22,2024-04-22,3,557579
VH0136,Hyundai,Creta,2021,SUV,Diesel,Automatic,White,1271567,14.0,,,1800.0,5,72805,6.1,Manoj Dubey,9116891857,MP59LB8916,Bhopal,Available,2026-04-22,2022-01-25,3,873814
VH0251,Kia,Carens,2020,MPV,Petrol,AMT,Blue,1432493,50.1,,,1350.0,8,23286,7.2,Rajesh Menon,9721300772,KA91QU5480,Bangalore,Available,2026-02-10,2024-02-15,4,940738
VH0684,Skoda,Slavia,2024,Sedan,CNG,DCT,Black,1539104,29.7,,,1500.0,5,23991,9.2,Ananya Dubey,9110545422,TS96XE3690,Hyderabad,Available,2024-11-03,2024-08-21,0,1502179
VH0104,Volkswagen,Vento,2024,Sedan,Petrol,DCT,Orange,1407625,34.4,,,1650.0,5,21219,9.3,Sanjay Pandey,9178354184,UP39PH7653,Noida,Sold,2026-06-19,2024-05-01,0,1377756
VH0446,Mahindra,Thar,2015,Off-Road SUV,Diesel,DCT,Orange,1642641,15.1,,,2200.0,5,99663,2.2,Pooja Chauhan,9480612862,MP15XB7110,Bhopal,Available,2027-08-26,2022-09-13,9,492792
VH0444,Hyundai,Tucson,2021,SUV,Petrol,DCT,Maroon,3873749,43.6,,,2000.0,5,116836,4.6,Simran Mishra,9579091840,MH02IQ3406,Pune,Sold,2027-01-19,2024-06-24,3,2491455
VH0587,Bajaj,Pulsar NS200,2020,Motorcycle,Petrol,Manual,Blue,166649,21.8,,,100.0,2,60268,6.0,Ananya Rao,9850886071,MH47AJ6029,Pune,Available,2026-04-27,2024-04-20,4,103277
VH0769,Maruti Suzuki,Baleno,2022,Hatchback,Diesel,DCT,White,878316,19.7,,,1300.0,5,80011,6.3,Ravi Shah,9999164317,GJ14YW8993,Ahmedabad,Available,2026-11-28,2024-02-23,2,667510
VH0144,Honda,City,2016,Sedan,CNG,DCT,Silver,1120354,31.0,,,1700.0,5,119147,2.0,Harpreet Joshi,9878295151,WB02JN7353,Kolkata,Under Maintenance,2025-05-12,2024-12-03,8,336106
VH0054,TVS,iQube Electric,2021,Electric Scooter,Electric,Automatic,Orange,149755,,302.0,67.7,,2,58211,6.6,Nisha Kaur,9207765664,TN64BE9229,Chennai,Sold,2024-07-23,2024-12-13,3,105096
VH0152,MG,Gloster,2016,SUV,Petrol,AMT,Blue,3049499,26.3,,,2750.0,5,23365,5.2,Manoj Singh,9895094534,HR15AK2791,Faridabad,Available,2027-02-04,2022-11-24,8,1026568
VH0404,Tata,Harrier,2019,SUV,CNG,Manual,Brown,1693920,30.7,,,2750.0,5,105513,4.0,Nisha Kaur,9393523362,PB80XC2552,Ludhiana,Available,2026-12-23,2024-08-31,5,837621
VH0943,Kia,EV6,2018,Electric SUV,Electric,Automatic,Yellow,6821457,,116.0,34.3,,5,95656,3.8,Simran Mishra,9764726382,PB20VC3318,Ludhiana,Sold,2024-12-15,2024-12-04,6,2894644
VH0208,Honda,Jazz,2016,Hatchback,CNG,CVT,Gold,969047,33.6,,,1000.0,5,7941,5.7,Karthik Chauhan,9921921869,UP92UJ4086,Noida,Available,2027-05-13,2024-04-07,8,341161
VH0895,TVS,Jupiter,2019,Scooter,Petrol,Manual,Grey,85911,48.9,,,100.0,2,107276,3.9,Ananya Kumar,9415307795,HR61ZO6877,Faridabad,Sold,2026-04-01,2024-05-06,5,42330
VH0123,Honda,City,2023,Sedan,Petrol,Automatic,Orange,1553045,20.1,,,1700.0,5,67395,7.3,Simran Bhatt,9624875038,MP57DV4365,Bhopal,Available,2026-07-01,2022-04-24,1,1324133
VH0891,Royal Enfield,Thunderbird 350,2021,Motorcycle,Petrol,Manual,Red,229160,33.4,,,100.0,2,53625,6.7,Suresh Dubey,9525571850,TS48DJ4861,Hyderabad,Available,2026-05-30,2023-04-27,3,161872
VH0009,Ford,Aspire,2015,Sedan,Petrol,CVT,Silver,754718,48.1,,,1650.0,5,100193,2.2,Amit Dubey,9976198296,PB08HS2290,Ludhiana,Available,2026-12-26,2022-09-15,9,226415
VH0015,Mahindra,Scorpio,2015,SUV,Petrol,CVT,Maroon,1521482,46.2,,,1950.0,5,8165,5.2,Karthik Gupta,9418587604,GJ90XZ8973,Surat,Available,2027-04-01,2022-05-05,9,456444
VH0907,MG,Hector,2020,SUV,Diesel,AMT,Grey,1789516,19.1,,,1900.0,5,68930,5.7,Amit Singh,9256565452,UP03TZ2415,Agra,Available,2027-11-13,2024-12-31,4,1093519
VH0061,Toyota,Innova Crysta,2019,MPV,CNG,AMT,Orange,2207747,26.3,,,2150.0,8,114584,3.7,Rekha Dubey,9965960427,MP65IF5210,Bhopal,Available,2025-11-24,2022-08-24,5,1071675
VH0453,Ola Electric,S1 Air,2022,Electric Scooter,Electric,Automatic,Maroon,146446,,138.0,71.4,,2,6505,8.8,Meera Patel,9524554436,TS12ZT7711,Hyderabad,Available,2027-10-05,2024-06-26,2,122062
VH0254,Renault,Kwid,2017,Hatchback,Petrol,DCT,Maroon,409969,39.8,,,800.0,5,79058,3.9,Rekha Singh,9654738715,PB19BF5231,Amritsar,Under Maintenance,2027-02-28,2022-02-08,7,147975
VH0328,Ola Electric,S1 Pro,2015,Electric Scooter,Electric,Automatic,Gold,136636,,111.0,57.1,,2,41457,4.1,Sunita Chauhan,9922679709,UK12KO1755,Dehradun,Sold,2024-02-16,2023-10-02,9,40990
VH0897,Renault,Kiger,2021,Compact SUV,Petrol,Manual,Blue,1011260,41.4,,,1500.0,5,21016,7.8,Vikas Dubey,9804569703,BR94SJ4436,Patna,Available,2026-03-11,2023-01-28,3,747304
VH0734,Hero,Splendor Plus,2022,Motorcycle,Petrol,Manual,Yellow,85615,36.2,,,250.0,2,58517,7.0,Nisha Tiwari,9219747878,UK63JS1157,Dehradun,Sold,2027-08-09,2023-02-03,2,66906
VH0881,Hyundai,Verna,2016,Sedan,Petrol,CVT,Orange,1225853,18.7,,,1850.0,5,28755,5.0,Anjali Dubey,9313355557,WB49JL1391,Kolkata,Sold,2026-06-10,2022-10-29,8,406057
VH0596,Kia,EV6,2016,Electric SUV,Electric,Automatic,Red,6292332,,105.0,35.4,,5,106478,2.5,Meera Kaur,9780271060,MP81CG7879,Indore,Under Maintenance,2024-11-25,2023-01-04,8,1887699
VH0889,Volkswagen,Vento,2018,Sedan,Petrol,AMT,Grey,1127852,27.5,,,2000.0,5,14458,6.5,Nisha Kumar,9960790684,KL64XM1840,Kochi,Sold,2024-10-30,2023-04-03,6,570176
VH0624,Royal Enfield,Himalayan,2024,Adventure Motorcycle,Petrol,Manual,Brown,295612,45.5,,,500.0,2,82855,7.2,Sanjay Joshi,9419260106,TN54RG5932,Chennai,Available,2026-08-02,2023-01-11,0,271119
VH0346,TVS,Ntorq 125,2022,Scooter,Petrol,Manual,Brown,121456,44.8,,,100.0,2,2054,8.9,Pooja Nair,9669557898,WB88WM8775,Kolkata,Sold,2025-08-14,2024-07-08,2,101773
VH0703,Hero,Xtreme 160R,2017,Motorcycle,Petrol,Manual,White,140807,41.0,,,250.0,2,32577,5.4,Arjun Gupta,9568740794,RJ39JC4024,Jaipur,Available,2024-11-11,2024-02-06,7,57368
VH0263,Maruti Suzuki,Alto,2023,Hatchback,CNG,Automatic,Brown,427834,31.0,,,1200.0,5,21136,8.8,Rohit Patel,9803321425,HR30TF1590,Faridabad,Available,2024-06-26,2023-07-20,1,384564
VH0635,TVS,Ntorq 125,2018,Scooter,Petrol,Manual,Orange,110541,47.2,,,100.0,2,15504,6.5,Rekha Joshi,9166493225,KA23XM7882,Bangalore,Sold,2024-03-17,2022-05-30,6,55767
VH0322,TVS,iQube Electric,2017,Electric Scooter,Electric,Automatic,Brown,128192,,159.0,58.8,,2,105300,3.0,Divya Rao,9891850638,UP01DA8616,Lucknow,Sold,2027-06-14,2024-04-29,7,42905
VH0439,MG,ZS EV,2017,Electric SUV,Electric,Automatic,Green,2540017,,328.0,42.5,,5,45106,5.0,Sunita Agarwal,9340620860,MH44ND4714,Mumbai,Available,2025-12-28,2022-04-06,7,1003037
VH0151,MG,Gloster,2022,SUV,Petrol,DCT,Orange,3636994,54.9,,,2250.0,5,60181,7.0,Rajesh Nair,9474015041,KA38NC2901,Bangalore,Available,2025-02-27,2024-12-03,2,2836197
VH0473,Hero,HF Deluxe,2018,Motorcycle,Petrol,Manual,Yellow,58198,15.8,,,200.0,2,19821,6.3,Sanjay Bhatt,9681048625,KL75NQ6861,Kochi,Sold,2026-08-19,2023-09-25,6,29109
VH0641,Ather,450 Plus,2015,Electric Scooter,Electric,Automatic,Silver,125113,,118.0,66.6,,2,80772,2.8,Rohit Joshi,9546934486,PB79WY1579,Amritsar,Available,2024-06-14,2024-09-07,9,37533
VH0983,TVS,Jupiter,2017,Scooter,Petrol,Manual,Blue,84466,37.6,,,150.0,2,24910,5.7,Anjali Chauhan,9100702897,UP05ZU9718,Agra,Available,2027-10-29,2023-05-02,7,35060
VH0883,Honda,WR-V,2020,Compact SUV,Petrol,CVT,Blue,1144236,29.8,,,1500.0,5,114352,4.2,Rajesh Chauhan,9692283210,GJ10TJ6812,Surat,Available,2026-09-08,2022-05-19,4,647234
VH0551,Honda,Jazz,2017,Hatchback,CNG,AMT,Yellow,957852,28.0,,,850.0,5,97877,3.2,Anjali Yadav,9895956334,HR02VR3134,Gurugram,Sold,2027-04-21,2024-12-19,7,327703
VH0780,Ather,450 Plus,2023,Electric Scooter,Electric,Automatic,Brown,177957,,329.0,30.1,,2,118009,5.6,Amit Menon,9711768303,HR19CV6806,Faridabad,Available,2024-02-26,2024-10-02,1,142719
VH0929,MG,Astor,2022,SUV,Petrol,Automatic,Grey,1302177,18.0,,,2500.0,5,96502,5.8,Neha Singh,9351491330,PB03VI4154,Amritsar,Sold,2025-01-02,2023-02-06,2,968165
VH0489,Mahindra,XUV700,2016,SUV,Petrol,CVT,Black,1592548,25.9,,,2300.0,5,54352,4.2,Rahul Singh,9450868832,MH59BL9495,Mumbai,Sold,2026-03-11,2022-11-18,8,486759
VH0812,Volkswagen,Virtus,2016,Sedan,CNG,DCT,Maroon,1058940,33.7,,,1200.0,5,91632,2.9,Vikram Dubey,9508040078,UP74AJ7236,Agra,Available,2027-10-08,2023-07-08,8,317682
VH0172,Tata,Safari,2021,SUV,Diesel,Manual,Silver,2151662,24.0,,,1650.0,5,18484,7.9,Manoj Singh,9228250953,MH79TB6067,Nagpur,Available,2027-12-07,2022-01-24,3,1595491
VH0147,Ford,Endeavour,2022,SUV,CNG,Automatic,Yellow,4619465,34.7,,,1950.0,5,52002,7.3,Anjali Mishra,9400969989,UP89UP4971,Agra,Sold,2026-01-17,2022-08-22,2,3640129
VH0705,Toyota,Urban Cruiser,2020,Compact SUV,CNG,AMT,Green,1109644,30.3,,,1250.0,5,48882,6.4,Arjun Shah,9291297872,MP86XS1440,Indore,Sold,2026-01-11,2023-11-28,4,700316
VH0929,MG,Astor,2022,SUV,Petrol,Automatic,Grey,1302177,18.0,,,2500.0,5,96502,5.8,Neha Singh,9351491330,PB03VI4154,Amritsar,Sold,2025-01-02,2023-02-06,2,968165
VH0403,Bajaj,Avenger 220,2020,Motorcycle,Petrol,Manual,Orange,159596,47.1,,,150.0,2,48122,6.4,Ananya Kaur,9278914614,HR87GK9138,Faridabad,Sold,2026-06-11,2023-02-18,4,100845
VH0955,Honda,City,2017,Sedan,Petrol,Manual,Silver,1352528,52.7,,,1250.0,5,100473,3.2,Vikas Shah,9194897028,MP27LM7518,Bhopal,Sold,2024-02-25,2024-03-02,7,459219
VH0878,Mahindra,XUV700,2023,SUV,Diesel,Automatic,Silver,2242191,16.2,,,1750.0,5,6836,9.3,Vikas Verma,9522845630,GJ66AQ9265,Ahmedabad,Available,2026-08-18,2022-11-16,1,2047488
VH0660,Toyota,Camry,2019,Sedan,CNG,CVT,Green,5097288,25.8,,,1850.0,5,16332,7.0,Vikas Singh,9587553038,MP19SP4245,Bhopal,Available,2026-05-07,2023-06-24,5,2975123
VH0373,MG,Hector,2018,SUV,Petrol,Manual,Red,1465187,50.8,,,1950.0,5,27272,6.1,Simran Nair,9632928920,MH14FI2835,Mumbai,Available,2026-12-02,2022-02-16,6,721938
VH0464,Mahindra,KUV100,2015,Micro SUV,Petrol,AMT,Maroon,670946,21.9,,,800.0,5,80905,2.8,Manoj Yadav,9305634099,PB96AY5606,Ludhiana,Available,2027-07-04,2023-09-13,9,201283
VH0350,Hero,Passion Pro,2021,Motorcycle,Petrol,Manual,Silver,97147,41.4,,,350.0,2,8372,8.2,Harpreet Verma,9511027302,GJ21YC5543,Ahmedabad,Available,2025-06-12,2023-06-27,3,73018
VH0187,Renault,Triber,2016,MPV,Diesel,Automatic,Yellow,855689,22.6,,,2450.0,7,42181,4.6,Rekha Singh,9289086333,PB74ZM6813,Ludhiana,Available,2027-11-29,2024-01-05,8,271954
VH0148,Kia,Carens,2023,MPV,Diesel,DCT,Maroon,1342874,21.5,,,2400.0,7,32222,8.4,Manoj Dubey,9249442440,MH38WC7703,Nagpur,Sold,2025-06-01,2022-11-12,1,1192173
VH0225,Ford,Figo,2015,Hatchback,Petrol,Automatic,Black,652217,29.5,,,950.0,5,65691,3.3,Amit Dubey,9580035742,MH59OZ8341,Mumbai,Available,2027-08-31,2022-02-06,9,195665
VH0609,TVS,Jupiter,2016,Scooter,Petrol,Manual,Gold,80494,26.1,,,100.0,2,8399,5.7,Simran Joshi,9180685683,MH72HV4373,Pune,Under Maintenance,2025-03-11,2022-01-27,8,28301
VH0144,Honda,City,2016,Sedan,CNG,DCT,Silver,1120354,31.0,,,1700.0,5,119147,2.0,Harpreet Joshi,9878295151,WB02JN7353,Kolkata,Under Maintenance,2025-05-12,2024-12-03,8,336106
VH0752,Tata,Tigor,2019,Sedan,Diesel,Manual,Silver,781956,22.5,,,1950.0,5,1715,7.4,Priya Nair,9367359701,CH36XU6296,Chandigarh,Available,2024-09-19,2024-11-28,5,467832
VH0535,MG,ZS EV,2021,Electric SUV,Electric,Automatic,Black,2913182,,180.0,81.4,,5,90150,5.5,Amit Menon,9233811016,GJ49AT5055,Surat,Available,2027-01-28,2024-04-13,3,1951394
VH0982,Kia,Carens,2017,MPV,Petrol,DCT,Green,1189617,29.6,,,1400.0,7,20149,5.8,Arun Agarwal,9628786900,UP81VO9108,Agra,Available,2027-07-01,2024-06-12,7,499461
VH0198,Hyundai,Santro,2023,Hatchback,Petrol,DCT,Black,675047,52.4,,,1250.0,5,68240,7.2,Vikas Verma,9639127345,PB61JC7468,Ludhiana,Available,2027-03-16,2022-10-29,1,574978
VH0634,Ola Electric,S1 Air,2017,Electric Scooter,Electric,Automatic,Orange,124217,,250.0,78.4,,2,13153,6.1,Priya Sharma,9886921228,MH75TM2107,Pune,Available,2027-09-24,2022-08-06,7,53021
VH0884,Ford,Endeavour,2019,SUV,Petrol,Automatic,Blue,3529378,18.2,,,2650.0,5,3664,7.4,Ananya Gupta,9777181597,HR72IB1404,Faridabad,Available,2026-07-07,2024-04-06,5,2104695
VH0280,Ola Electric,S1 Pro,2020,Electric Scooter,Electric,Automatic,Grey,163231,,236.0,3.2,,2,30805,7.0,Harpreet Tiwari,9956808156,MP97PJ1149,Indore,Available,2024-01-15,2024-02-05,4,105968
VH0294,Royal Enfield,Classic 350,2017,Motorcycle,Petrol,Manual,Gold,218054,36.5,,,500.0,2,43053,5.1,Rekha Yadav,9438395096,TS85FR8258,Hyderabad,Available,2026-01-31,2024-04-24,7,86555
VH0824,Maruti Suzuki,Vitara Brezza,2017,Compact SUV,CNG,CVT,Black,1013922,29.3,,,1050.0,5,17294,5.9,Gurpreet Yadav,9966643102,UK17QJ6588,Dehradun,Sold,2026-01-26,2024-08-27,7,428590
VH0401,Hyundai,Venue,2020,Compact SUV,CNG,DCT,Yellow,943338,33.9,,,1250.0,5,32955,6.9,Deepak Yadav,9160611912,WB13NL6855,Kolkata,Sold,2025-04-25,2023-10-02,4,610382
VH0123,Honda,City,2023,Sedan,Petrol,Automatic,Orange,1553045,20.1,,,1700.0,5,67395,7.3,Simran Bhatt,9624875038,MP57DV4365,Bhopal,Available,2026-07-01,2022-04-24,1,1324133
VH0208,Honda,Jazz,2016,Hatchback,CNG,CVT,Gold,969047,33.6,,,1000.0,5,7941,5.7,Karthik Chauhan,9921921869,UP92UJ4086,Noida,Available,2027-05-13,2024-04-07,8,341161
VH0203,Royal Enfield,Meteor 350,2016,Motorcycle,Petrol,Manual,Brown,218235,22.7,,,400.0,2,9100,5.7,Rajesh Verma,9653266624,UP63YQ7126,Agra,Sold,2025-09-29,2024-11-03,8,76578
VH0463,TVS,iQube Electric,2023,Electric Scooter,Electric,Automatic,Brown,135704,,324.0,54.1,,2,49832,7.8,Manoj Rao,9479025201,MH69AV8293,Mumbai,Under Maintenance,2027-05-16,2024-01-04,1,118085
VH0836,Ather,450 Plus,2023,Electric Scooter,Electric,Automatic,Orange,169869,,313.0,18.5,,2,37905,8.2,Vikas Menon,9521585878,UK33KG6358,Dehradun,Available,2026-07-13,2022-03-01,1,149840
VH0247,Royal Enfield,Himalayan,2020,Adventure Motorcycle,Petrol,Manual,Silver,260592,44.1,,,550.0,2,80011,5.3,Suresh Agarwal,9216858154,MH58LY6004,Nagpur,Available,2024-06-16,2023-07-29,4,156352
VH0440,Volkswagen,Vento,2023,Sedan,Petrol,Manual,Grey,1382241,52.0,,,1900.0,5,22395,8.8,Rajesh Agarwal,9145064341,MH97DD2669,Nagpur,Available,2027-07-14,2022-08-30,1,1240706
VH0754,Honda,Amaze,2015,Sedan,Petrol,Automatic,White,702066,39.6,,,1600.0,5,114798,1.7,Anjali Sharma,9605198031,UK42AZ1423,Dehradun,Available,2024-10-22,2024-04-14,9,210619
VH0902,Renault,Kiger,2019,Compact SUV,CNG,Manual,White,928300,31.7,,,1450.0,5,59384,5.5,Arjun Verma,9338156941,GJ51IA9695,Ahmedabad,Under Maintenance,2025-05-04,2024-03-24,5,501853
VH0708,Ola Electric,S1 Air,2022,Electric Scooter,Electric,Automatic,Blue,129829,,267.0,78.8,,2,79619,6.3,Deepak Menon,9896786236,WB55YB5963,Kolkata,Sold,2026-07-11,2024-10-25,2,98719
VH0881,Hyundai,Verna,2016,Sedan,Petrol,CVT,Orange,1225853,18.7,,,1850.0,5,28755,5.0,Anjali Dubey,9313355557,WB49JL1391,Kolkata,Sold,2026-06-10,2022-10-29,8,406057
VH0154,Kia,Sonet,2019,Compact SUV,Petrol,DCT,Yellow,870756,49.8,,,1100.0,5,41578,6.1,Pooja Dubey,9666629680,MH42GO2867,Pune,Under Maintenance,2027-05-07,2024-03-06,5,486249
VH0662,Ather,450X,2019,Electric Scooter,Electric,Automatic,Gold,169268,,329.0,68.1,,2,47025,5.9,Gurpreet Verma,9179191190,TS76TT2765,Hyderabad,Sold,2026-07-08,2024-04-17,5,93600
VH0427,Tata,Nexon,2018,Compact SUV,Diesel,AMT,Blue,1187545,15.7,,,1500.0,5,47560,5.4,Gurpreet Kumar,9835472281,TN16JP8083,Chennai,Sold,2027-09-24,2022-07-16,6,561043
VH0385,TVS,Apache RTR 160,2020,Motorcycle,Petrol,Manual,Gold,145764,37.6,,,300.0,2,36239,6.8,Kavya Nair,9483739723,RJ75BE6237,Jaipur,Available,2026-01-09,2024-05-09,4,93837
VH0759,Ford,EcoSport,2024,Compact SUV,Petrol,AMT,Blue,1388102,21.7,,,1450.0,5,86412,7.1,Ravi Pandey,9226507324,WB58GO5305,Kolkata,Sold,2026-11-19,2023-11-22,0,1268153
VH0855,Skoda,Slavia,2018,Sedan,CNG,DCT,White,1320946,27.3,,,1900.0,5,65530,4.8,Karthik Shah,9704270502,HR15DF3280,Faridabad,Available,2026-01-20,2024-05-30,6,600330
VH0590,Kia,Sonet,2022,Compact SUV,Petrol,AMT,Red,963184,49.1,,,1050.0,5,37672,7.7,Rahul Yadav,9939876620,MH60NU7484,Pune,Available,2025-07-02,2023-06-26,2,772789
VH0220,Skoda,Octavia,2022,Sedan,Petrol,Manual,Blue,4777347,49.8,,,1650.0,5,87447,6.1,Sunita Verma,9110385578,MH87KN2898,Pune,Sold,2027-08-18,2022-12-16,2,3595206
VH0642,Volkswagen,Polo,2016,Hatchback,Petrol,AMT,Yellow,788867,40.7,,,1100.0,5,106846,2.4,Rekha Verma,9128297197,MP39ZH1351,Indore,Sold,2025-02-05,2024-12-30,8,236660
VH0002,Hero,Passion Pro,2015,Motorcycle,Petrol,Manual,White,79243,20.5,,,400.0,2,111582,1.8,Sunita Joshi,9507943839,TS36EG6514,Hyderabad,Available,2025-12-05,2023-06-26,9,23772
VH0113,TVS,Apache RTR 160,2017,Motorcycle,Petrol,Manual,Yellow,131331,37.0,,,450.0,2,89087,3.5,Rekha Agarwal,9467570835,MP49KF8531,Bhopal,Available,2027-10-26,2023-06-26,7,46085
VH0699,Honda,CR-V,2017,SUV,Petrol,Automatic,Brown,3470184,27.2,,,2400.0,5,118599,2.5,Simran Rao,9775890502,WB85SB6281,Kolkata,Available,2024-01-17,2022-11-22,7,1115320
VH0916,Royal Enfield,Classic 350,2023,Motorcycle,Petrol,Manual,Blue,270240,37.6,,,250.0,2,108637,5.9,Vikram Shah,9816059404,MP71HB8040,Indore,Available,2026-12-16,2023-08-23,1,219262
VH0952,MG,ZS EV,2015,Electric SUV,Electric,Automatic,Blue,2054195,,254.0,8.1,,5,52535,3.7,Sunita Agarwal,9413794060,KA68UY5699,Bangalore,Available,2026-12-21,2024-09-04,9,616258
VH0649,Hyundai,Verna,2018,Sedan,Petrol,Automatic,White,1279785,35.8,,,1650.0,5,109048,3.4,Rekha Shah,9910114659,DL70YL1425,Delhi,Sold,2025-06-21,2023-03-20,6,525930
VH0637,Kia,Seltos,2024,SUV,Petrol,Manual,Orange,1366077,47.2,,,2900.0,5,96179,6.8,Seema Joshi,9465835988,CH47YN9955,Chandigarh,Available,2027-08-08,2024-12-17,0,1234689
VH0886,Toyota,Urban Cruiser,2020,Compact SUV,Petrol,CVT,Yellow,1021584,45.2,,,1150.0,5,17924,7.4,Arjun Verma,9147259052,MH79MI7461,Mumbai,Available,2025-02-02,2024-05-06,4,676366
VH0411,Royal Enfield,Himalayan,2024,Adventure Motorcycle,Petrol,Manual,Gold,290924,35.9,,,400.0,2,48700,8.4,Pooja Nair,9489766149,TS70NP5036,Hyderabad,Available,2025-09-23,2022-02-13,0,276756
VH0410,TVS,Apache RTR 160,2018,Motorcycle,Petrol,Manual,Orange,138158,45.7,,,350.0,2,23457,6.2,Rekha Tiwari,9334084722,TS75XM4865,Hyderabad,Available,2025-03-14,2023-07-17,6,68601
VH0534,Ather,450 Plus,2019,Electric Scooter,Electric,Automatic,Maroon,149099,,331.0,15.5,,2,83018,4.7,Simran Nair,9675422885,MH11IV7968,Nagpur,Available,2025-07-05,2023-01-30,5,77081
VH0292,Tata,Nexon,2018,Compact SUV,Petrol,Manual,Black,1124760,40.2,,,1250.0,5,96746,3.8,Rajesh Shah,9385417366,BR96NL1955,Patna,Available,2024-05-24,2023-09-15,6,476059
VH0809,Bajaj,Avenger 220,2017,Motorcycle,Petrol,Manual,Black,148555,38.0,,,350.0,2,74789,4.0,Vikas Sharma,9628030831,MH75SF8329,Nagpur,Under Maintenance,2025-12-05,2023-11-27,7,54253
VH0442,TVS,Ntorq 125,2019,Scooter,Petrol,Manual,Brown,105538,17.5,,,150.0,2,18587,6.9,Karthik Chauhan,9552820774,HR97NL5021,Faridabad,Sold,2026-05-28,2024-04-26,5,61361
VH0521,Renault,Duster,2016,SUV,CNG,Manual,Yellow,1026533,28.4,,,2400.0,5,720,6.0,Karthik Kaur,9508231386,UP96DS7025,Lucknow,Available,2025-09-28,2022-05-07,8,368812
VH0137,Ola Electric,S1 Air,2023,Electric Scooter,Electric,Automatic,Red,159131,,104.0,42.4,,2,25656,8.6,Sunita Rao,9663054538,HR87NZ3937,Faridabad,Available,2027-06-23,2024-12-14,1,142317
VH0716,Hero,Xtreme 160R,2024,Motorcycle,Petrol,Manual,Green,173118,30.0,,,500.0,2,97830,6.7,Rajesh Pandey,9262971060,CH44KK6674,Chandigarh,Available,2026-10-18,2023-03-08,0,156181
VH0257,Tata,Altroz,2017,Hatchback,Petrol,DCT,Blue,750405,50.8,,,1300.0,5,30579,5.5,Seema Verma,9849088260,UP56QN7068,Noida,Available,2026-09-14,2024-02-20,7,307231
VH0864,Tata,Safari,2019,SUV,CNG,CVT,Red,2144372,27.3,,,2950.0,5,89117,4.5,Sanjay Gupta,9986626439,TS31SG6710,Hyderabad,Available,2026-04-22,2023-07-25,5,1095523
VH0632,Hero,Splendor Plus,2020,Motorcycle,Petrol,Manual,Green,91837,33.2,,,450.0,2,93066,4.9,Seema Chauhan,9326323450,GJ02FL9202,Ahmedabad,Available,2026-12-11,2024-03-10,4,53902
VH0696,Kia,Carnival,2022,MPV,Petrol,Automatic,Red,3246133,41.9,,,1600.0,7,54761,7.2,Neha Menon,9250781347,KL07MW5703,Kochi,Available,2025-04-07,2023-01-21,2,2548990
VH0398,Ola Electric,S1 Air,2022,Electric Scooter,Electric,Automatic,Orange,134653,,269.0,42.1,,2,56914,7.1,Ravi Sharma,9920301073,MP34RK9856,Bhopal,Available,2024-08-31,2024-02-25,2,105444
VH0664,Ford,Aspire,2017,Sedan,Petrol,DCT,Brown,733527,45.7,,,1550.0,5,56427,4.6,Vikas Chauhan,9722585793,KL64KB9481,Kochi,Available,2025-08-07,2023-10-24,7,281361
VH0836,Ather,450 Plus,2023,Electric Scooter,Electric,Automatic,Orange,169869,,313.0,18.5,,2,37905,8.2,Vikas Menon,9521585878,UK33KG6358,Dehradun,Available,2026-07-13,2022-03-01,1,149840
VH0258,Honda,Jazz,2017,Hatchback,CNG,AMT,Black,1028234,34.1,,,850.0,5,1432,6.5,Vikram Sharma,9861442766,KL77RN5223,Kochi,Sold,2027-03-29,2024-12-06,7,450950
VH0774,Volkswagen,Virtus,2020,Sedan,CNG,AMT,Brown,1427237,32.5,,,1450.0,5,39324,6.7,Rekha Chauhan,9851864410,TS03DG6087,Hyderabad,Sold,2027-02-20,2022-12-31,4,914396
VH0701,Bajaj,Avenger 220,2018,Motorcycle,Petrol,Manual,Brown,140571,29.3,,,350.0,2,66948,4.8,Rekha Patel,9919450756,MP87MJ1657,Indore,Under Maintenance,2024-08-08,2024-05-12,6,63685
VH0318,Kia,Carens,2022,MPV,Petrol,AMT,White,1407348,38.6,,,1300.0,7,46246,7.5,Priya Singh,9259188853,BR36TU4401,Patna,Available,2024-03-16,2022-10-25,2,1117088
VH0649,Hyundai,Verna,2018,Sedan,Petrol,Automatic,White,1279785,35.8,,,1650.0,5,109048,3.4,Rekha Shah,9910114659,DL70YL1425,Delhi,Sold,2025-06-21,2023-03-20,6,525930
VH0435,Ford,EcoSport,2016,Compact SUV,Petrol,AMT,Grey,1059877,44.2,,,1450.0,5,80649,3.3,Meera Dubey,9651211504,UP71JB8987,Agra,Available,2027-10-21,2024-09-26,8,317963
VH0480,Volkswagen,Vento,2023,Sedan,Petrol,AMT,Maroon,1264114,17.3,,,1950.0,5,61352,7.5,Meera Chauhan,9501865156,HR79CF9333,Gurugram,Available,2025-01-01,2023-10-22,1,1085428
VH0710,Ola Electric,S1 Air,2021,Electric Scooter,Electric,Automatic,Silver,126679,,172.0,5.7,,2,101010,5.1,Pooja Tiwari,9462346788,MP59LB7050,Indore,Sold,2024-02-18,2023-07-02,3,83480
VH0383,Mahindra,Bolero,2022,MUV,Petrol,Automatic,Red,1345859,48.1,,,1950.0,8,820,9.0,Ravi Pandey,9341076755,DL39SJ9095,Delhi,Available,2024-11-11,2023-06-22,2,1129417
VH0283,Maruti Suzuki,Dzire,2016,Sedan,CNG,CVT,Orange,666540,29.4,,,1200.0,5,105287,2.5,Vikram Kaur,9551232519,PB12EA9086,Ludhiana,Available,2026-10-17,2024-01-31,8,199962
VH0973,Hyundai,i20,2021,Hatchback,CNG,CVT,Silver,981265,27.4,,,950.0,5,97613,5.2,Ravi Rao,9252227862,HR33DM8707,Gurugram,Under Maintenance,2026-10-20,2024-11-17,3,649977
VH0628,Toyota,Camry,2022,Sedan,Diesel,Automatic,Silver,6227190,20.3,,,1400.0,5,15535,8.5,Manpreet Dubey,9769654032,KL81JX1105,Kochi,Sold,2024-05-17,2022-01-01,2,5134100
VH0633,Tata,Punch,2017,Micro SUV,CNG,DCT,Yellow,794668,32.2,,,900.0,5,79908,3.8,Amit Dubey,9504288204,GJ98VJ7454,Ahmedabad,Under Maintenance,2027-09-11,2023-01-05,7,286153
VH0307,Ather,450 Plus,2018,Electric Scooter,Electric,Automatic,Brown,137927,,329.0,33.7,,2,55200,5.2,Manoj Shah,9771651925,TN12XM9531,Chennai,Sold,2025-05-07,2022-11-09,6,64108
VH0401,Hyundai,Venue,2020,Compact SUV,CNG,DCT,Yellow,943338,33.9,,,1250.0,5,32955,6.9,Deepak Yadav,9160611912,WB13NL6855,Kolkata,Sold,2025-04-25,2023-10-02,4,610382
VH0409,Tata,Tiago,2024,Hatchback,CNG,Manual,Red,853563,29.1,,,1050.0,5,16312,9.5,Arjun Rao,9713077996,HR85CM3302,Gurugram,Sold,2026-12-04,2024-12-11,0,839639
VH0249,Volkswagen,Virtus,2017,Sedan,CNG,AMT,Green,1140711,32.7,,,1650.0,5,31810,5.4,Meera Yadav,9639198004,TN60QQ2483,Chennai,Available,2027-06-11,2022-12-06,7,465626
VH0953,Maruti Suzuki,Dzire,2021,Sedan,Diesel,Automatic,Red,899433,14.0,,,1500.0,5,55323,6.7,Arjun Pandey,9395300117,UK78QE2204,Dehradun,Available,2024-06-06,2022-07-08,3,633809
VH0255,Skoda,Kushaq,2018,Compact SUV,Petrol,DCT,Yellow,1353597,49.6,,,1100.0,5,90361,4.0,Arun Chauhan,9384026939,PB53TE3979,Ludhiana,Available,2025-12-02,2024-07-17,6,581558
VH0497,Ola Electric,S1 Pro,2021,Electric Scooter,Electric,Automatic,Brown,181283,,213.0,6.7,,2,26712,7.6,Rekha Patel,9502271684,CH07YM4305,Chandigarh,Under Maintenance,2024-07-06,2022-02-02,3,132932
VH0372,Renault,Duster,2020,SUV,CNG,DCT,Orange,1313475,27.8,,,1600.0,5,89407,5.0,Ananya Rao,9604834590,MH45OP9215,Pune,Sold,2026-12-27,2023-08-22,4,775729
VH0530,Ford,EcoSport,2023,Compact SUV,Diesel,AMT,Grey,1337160,12.3,,,1400.0,5,104055,6.0,Rajesh Bhatt,9678727283,BR68PC9501,Patna,Sold,2027-08-27,2022-09-12,1,1091049
VH0664,Ford,Aspire,2017,Sedan,Petrol,DCT,Brown,733527,45.7,,,1550.0,5,56427,4.6,Vikas Chauhan,9722585793,KL64KB9481,Kochi,Available,2025-08-07,2023-10-24,7,281361
VH0355,Tata,Altroz,2018,Hatchback,Diesel,Manual,White,695062,21.4,,,1250.0,5,109846,3.3,Divya Kumar,9636531772,PB63MC9856,Ludhiana,Available,2026-07-09,2022-02-03,6,285082
VH0926,Tata,Nexon EV,2024,Electric SUV,Electric,Automatic,Grey,2352836,,159.0,35.2,,5,72401,7.6,Gurpreet Joshi,9210182184,DL27ON9765,Delhi,Sold,2026-06-22,2022-10-05,0,2182488
VH0901,Hyundai,Grand i10,2024,Hatchback,Petrol,CVT,Blue,760702,45.0,,,800.0,5,80291,7.3,Suresh Tiwari,9597725586,KL43AN2028,Kochi,Under Maintenance,2027-03-17,2023-04-18,0,699624
VH0644,Kia,Carnival,2021,MPV,Petrol,Automatic,Black,3100733,38.1,,,1650.0,8,94849,5.3,Nisha Verma,9960890866,UP97ZZ9785,Agra,Available,2025-05-26,2022-04-27,3,2062455
VH0849,Maruti Suzuki,Swift,2015,Hatchback,CNG,Manual,Blue,593510,33.3,,,1300.0,5,91964,2.4,Deepak Yadav,9810371538,MH09IO2948,Mumbai,Available,2027-05-08,2023-09-07,9,178053
VH0796,Kia,Seltos,2023,SUV,Petrol,Automatic,Brown,1306832,54.8,,,2250.0,5,91413,6.5,Rajesh Mishra,9298082098,MP14DH1623,Indore,Available,2024-05-18,2023-05-11,1,1082824
VH0646,MG,ZS EV,2022,Electric SUV,Electric,Automatic,Blue,2952193,,341.0,31.7,,5,66487,6.8,Vikas Menon,9442372191,BR38UH9631,Patna,Sold,2024-08-01,2022-04-21,2,2283559
VH0013,Royal Enfield,Thunderbird 350,2015,Motorcycle,Petrol,Manual,Red,203035,54.4,,,150.0,2,18873,4.9,Arjun Gupta,9304235259,DL52XK2790,Delhi,Available,2026-05-14,2023-01-11,9,60910
VH0840,Hyundai,Alcazar,2018,SUV,Diesel,AMT,Gold,1887930,16.8,,,1900.0,5,60390,5.0,Vikas Rao,9424323843,GJ84AJ1573,Surat,Available,2025-02-23,2022-09-04,6,867711
VH0557,Ather,450X,2015,Electric Scooter,Electric,Automatic,Gold,160697,,261.0,50.6,,2,39152,4.2,Pooja Nair,9538454827,MH42CW9999,Pune,Sold,2025-10-26,2022-04-28,9,48209
VH0682,TVS,Apache RTR 160,2016,Motorcycle,Petrol,Manual,Orange,124378,17.2,,,200.0,2,15398,5.5,Neha Gupta,9569870769,CH21QX2990,Chandigarh,Sold,2024-03-20,2024-05-18,8,42860
VH0578,Ather,450X,2022,Electric Scooter,Electric,Automatic,Orange,185888,,180.0,16.0,,2,101679,5.6,Rohit Joshi,9176379467,KL21CI6952,Kochi,Available,2026-08-01,2023-06-13,2,137245
VH0110,Toyota,Camry,2023,Sedan,Diesel,CVT,White,6460619,16.1,,,1800.0,5,74283,7.0,Ananya Chauhan,9671595541,UK95JS6511,Dehradun,Available,2025-09-05,2024-08-30,1,5463855
VH0267,Royal Enfield,Himalayan,2023,Adventure Motorcycle,Petrol,Manual,Silver,308584,42.7,,,500.0,2,46838,7.9,Amit Agarwal,9291647610,PB37CM6603,Ludhiana,Available,2025-03-23,2023-07-06,1,269443
VH0723,Renault,Triber,2022,MPV,Diesel,CVT,Silver,1026938,12.8,,,1300.0,7,15069,8.5,Arjun Singh,9595431160,PB60OH8268,Amritsar,Available,2027-05-22,2023-11-10,2,847152
VH0184,Hero,Splendor Plus,2017,Motorcycle,Petrol,Manual,Silver,82127,31.8,,,400.0,2,36542,5.3,Neha Yadav,9330549659,MP04MV7990,Indore,Under Maintenance,2025-07-27,2024-07-02,7,33134
VH0525,Ather,450 Plus,2020,Electric Scooter,Electric,Automatic,Blue,155382,,221.0,81.2,,2,52112,6.3,Sanjay Gupta,9852809702,WB51CQ5637,Kolkata,Sold,2024-07-18,2022-09-26,4,97562
VH0060,Renault,Duster,2018,SUV,Diesel,DCT,Maroon,1134972,21.8,,,2700.0,5,4873,6.8,Vikas Verma,9431714152,HR88EU2591,Gurugram,Sold,2027-04-01,2024-01-18,6,584654
VH0541,Maruti Suzuki,Alto,2015,Hatchback,Petrol,DCT,Blue,369229,24.0,,,1300.0,5,48610,3.9,Neha Chauhan,9341665544,MP88TB8350,Bhopal,Available,2024-09-30,2024-11-18,9,110768
VH0195,Skoda,Octavia,2018,Sedan,Petrol,Manual,Black,3883631,36.5,,,1950.0,5,79171,4.4,Amit Kumar,9984652998,TN07LA8005,Chennai,Sold,2026-09-10,2023-02-13,6,1712017
VH0679,Skoda,Slavia,2021,Sedan,Petrol,AMT,Blue,1433509,53.0,,,1350.0,5,74313,6.0,Harpreet Patel,9580054173,MH29SA7510,Nagpur,Available,2024-08-11,2023-09-29,3,982938
VH0749,Kia,Sonet,2019,Compact SUV,Diesel,AMT,White,1019297,15.0,,,1150.0,5,98010,4.2,Rajesh Mishra,9127298692,MH04EO3017,Pune,Available,2025-03-03,2024-02-19,5,511676
VH0852,Honda,Jazz,2021,Hatchback,CNG,Automatic,Green,1147972,29.7,,,1050.0,5,90130,5.5,Vikram Shah,9540886010,KL71YW8392,Kochi,Available,2024-09-19,2022-02-27,3,768992
VH0431,Tata,Nexon,2016,Compact SUV,Petrol,Automatic,Silver,1103972,48.6,,,1000.0,5,82264,3.3,Nisha Pandey,9913202948,MH54WJ6143,Mumbai,Sold,2025-06-26,2023-12-01,8,331191
VH0485,Skoda,Octavia,2020,Sedan,Petrol,AMT,Grey,4485327,45.1,,,1200.0,5,98690,4.7,Seema Mishra,9344360546,MP84QY3445,Indore,Available,2025-03-05,2024-08-29,4,2607365
VH0758,Ford,Aspire,2020,Sedan,Diesel,DCT,Brown,884145,23.1,,,1800.0,5,104672,4.5,Rahul Nair,9781429478,UP07ZG3984,Noida,Available,2025-05-02,2022-11-28,4,508673
VH0096,Mahindra,Bolero,2019,MUV,CNG,Manual,Red,1192310,31.6,,,1950.0,8,119986,3.5,Rohit Pandey,9145478504,UK92NF8272,Dehradun,Sold,2025-12-23,2024-06-09,5,572325
VH0021,Maruti Suzuki,Baleno,2016,Hatchback,Diesel,DCT,Blue,655210,16.8,,,1200.0,5,33206,4.9,Rohit Verma,9484194737,TN56EB6050,Chennai,Available,2027-09-27,2022-07-30,8,214118
VH0564,Honda,Amaze,2016,Sedan,CNG,CVT,Gold,699178,28.3,,,1750.0,5,89554,3.0,Deepak Chauhan,9459536072,MH06TE3917,Mumbai,Available,2026-05-20,2022-11-04,8,209753
VH0265,Maruti Suzuki,Vitara Brezza,2017,Compact SUV,Petrol,DCT,Brown,912867,17.0,,,1200.0,5,33286,5.4,Vikas Agarwal,9973110318,TS15ZQ5222,Hyderabad,Sold,2027-11-22,2024-06-25,7,371275
VH0743,Ola Electric,S1 Air,2015,Electric Scooter,Electric,Automatic,Grey,103981,,297.0,7.9,,2,24635,4.7,Vikas Pandey,9902378486,HR92XK6918,Faridabad,Sold,2025-10-19,2024-08-17,9,31194
VH0864,Tata,Safari,2019,SUV,CNG,CVT,Red,2144372,27.3,,,2950.0,5,89117,4.5,Sanjay Gupta,9986626439,TS31SG6710,Hyderabad,Available,2026-04-22,2023-07-25,5,1095523
VH0599,TVS,iQube Electric,2023,Electric Scooter,Electric,Automatic,Grey,158317,,336.0,17.8,,2,77515,6.9,Meera Rao,9726687538,RJ26VW5605,Jaipur,Sold,2025-09-30,2022-12-06,1,133379
VH0715,Maruti Suzuki,WagonR,2018,Hatchback,Petrol,AMT,Maroon,651220,25.3,,,1150.0,5,8852,6.7,Arjun Sharma,9861292088,UK82KD4626,Dehradun,Available,2027-06-06,2023-08-13,6,332869
VH0485,Skoda,Octavia,2020,Sedan,Petrol,AMT,Grey,4485327,45.1,,,1200.0,5,98690,4.7,Seema Mishra,9344360546,MP84QY3445,Indore,Available,2025-03-05,2024-08-29,4,2607365
VH0892,Renault,Triber,2020,MPV,Diesel,DCT,White,998463,16.9,,,1400.0,7,12599,7.6,Karthik Agarwal,9560144135,MH11ZX1139,Mumbai,Available,2027-11-29,2022-11-08,4,666375
VH0578,Ather,450X,2022,Electric Scooter,Electric,Automatic,Orange,185888,,180.0,16.0,,2,101679,5.6,Rohit Joshi,9176379467,KL21CI6952,Kochi,Available,2026-08-01,2023-06-13,2,137245
VH0039,Ford,Endeavour,2022,SUV,Diesel,CVT,Maroon,4492687,16.4,,,2900.0,5,53771,7.2,Ananya Gupta,9191926217,UK90IR1166,Dehradun,Available,2026-09-27,2023-05-08,2,3532280
VH0207,Skoda,Octavia,2021,Sedan,Petrol,CVT,Red,4351369,22.9,,,1650.0,5,110519,4.8,Rahul Chauhan,9811198748,HR67TM2676,Gurugram,Under Maintenance,2026-02-05,2023-08-02,3,2826131
VH0393,Renault,Kiger,2016,Compact SUV,CNG,Manual,Gold,783012,30.2,,,1350.0,5,37673,4.7,Amit Kaur,9630120085,MH91JR1665,Pune,Available,2026-07-24,2023-10-01,8,252385
VH0795,Mahindra,Scorpio,2016,SUV,Diesel,DCT,Brown,1425319,24.3,,,1900.0,5,34775,4.8,Ravi Kumar,9405699476,HR92WM5666,Gurugram,Sold,2024-08-10,2022-09-02,8,463549
VH0871,Mahindra,XUV700,2018,SUV,CNG,Manual,Maroon,1649661,31.7,,,2150.0,5,58713,5.0,Arjun Rao,9188043753,PB77MO4496,Amritsar,Available,2026-06-25,2022-11-04,6,760967
VH0398,Ola Electric,S1 Air,2022,Electric Scooter,Electric,Automatic,Orange,134653,,269.0,42.1,,2,56914,7.1,Ravi Sharma,9920301073,MP34RK9856,Bhopal,Available,2024-08-31,2024-02-25,2,105444
VH0767,Bajaj,Dominar 400,2016,Motorcycle,Petrol,Manual,Grey,247055,31.5,,,200.0,2,96413,2.8,Arjun Chauhan,9210649279,HR89ZP5769,Faridabad,Available,2027-05-20,2024-01-13,8,74116
VH0842,Bajaj,Avenger 220,2015,Motorcycle,Petrol,Manual,Grey,120469,31.7,,,450.0,2,93548,2.4,Manoj Joshi,9926279823,GJ23AS1721,Surat,Sold,2025-07-30,2024-09-08,9,36140
VH0242,Honda,CR-V,2015,SUV,Petrol,Manual,Brown,3379433,38.0,,,2600.0,5,100806,2.1,Manpreet Kumar,9751295118,MH46QD5748,Mumbai,Available,2026-06-15,2024-02-21,9,1013829
VH0029,Kia,EV6,2022,Electric SUV,Electric,Automatic,Green,7618080,,137.0,54.7,,5,68389,6.7,Arjun Singh,9963406382,CH97YD7965,Chandigarh,Under Maintenance,2026-08-09,2022-04-13,2,5878194
VH0793,Ford,Endeavour,2021,SUV,Diesel,CVT,Grey,4440495,17.2,,,1700.0,5,113712,4.7,Vikas Tiwari,9830569336,TN77HT5230,Chennai,Available,2027-07-06,2023-09-27,3,2869838
VH0643,Bajaj,Pulsar 150,2023,Motorcycle,Petrol,Manual,Blue,146186,29.9,,,400.0,2,118090,5.6,Ravi Nair,9224106516,HR17NW7993,Faridabad,Available,2027-06-14,2024-01-24,1,117228
VH0892,Renault,Triber,2020,MPV,Diesel,DCT,White,998463,16.9,,,1400.0,7,12599,7.6,Karthik Agarwal,9560144135,MH11ZX1139,Mumbai,Available,2027-11-29,2022-11-08,4,666375
VH0613,Hero,Passion Pro,2020,Motorcycle,Petrol,Manual,Gold,84384,40.6,,,400.0,2,68476,5.7,Arun Menon,9668613679,UP38GM3894,Lucknow,Sold,2026-06-06,2022-08-12,4,51602
VH0763,Toyota,Camry,2024,Sedan,Petrol,Automatic,Red,5937108,53.3,,,1800.0,5,39820,8.7,Kavya Kaur,9246157602,KL50QN8807,Kochi,Sold,2024-01-01,2022-06-03,0,5700692
VH0961,Kia,Seltos,2017,SUV,Diesel,CVT,Orange,1202601,22.1,,,2150.0,5,52665,4.7,Arun Sharma,9699049741,WB73RB7681,Kolkata,Available,2027-08-04,2022-08-30,7,465809
VH0571,Toyota,Innova Crysta,2015,MPV,Petrol,Automatic,Brown,2021186,14.4,,,1950.0,8,36128,4.3,Sanjay Patel,9554912473,BR92IS9222,Patna,Under Maintenance,2024-07-07,2024-12-04,9,606355
VH0726,Mahindra,XUV300,2021,Compact SUV,CNG,Automatic,Maroon,1277347,33.0,,,1150.0,5,34578,7.3,Kavya Dubey,9907993378,GJ13KU2213,Ahmedabad,Available,2025-12-02,2023-08-28,3,926615
VH0684,Skoda,Slavia,2024,Sedan,CNG,DCT,Black,1539104,29.7,,,1500.0,5,23991,9.2,Ananya Dubey,9110545422,TS96XE3690,Hyderabad,Available,2024-11-03,2024-08-21,0,1502179
VH0099,Honda,WR-V,2019,Compact SUV,Petrol,Automatic,Maroon,1211478,25.7,,,1350.0,5,111324,3.8,Neha Pandey,9194264587,UP16EC8406,Lucknow,Sold,2025-10-16,2023-12-13,5,592020
VH0805,Royal Enfield,Bullet 350,2022,Motorcycle,Petrol,Manual,Blue,212956,22.5,,,200.0,2,26427,8.1,Divya Mishra,9717475789,GJ96VS3553,Ahmedabad,Sold,2024-11-04,2024-04-22,2,173255
VH0752,Tata,Tigor,2019,Sedan,Diesel,Manual,Silver,781956,22.5,,,1950.0,5,1715,7.4,Priya Nair,9367359701,CH36XU6296,Chandigarh,Available,2024-09-19,2024-11-28,5,467832
VH0598,Maruti Suzuki,Dzire,2018,Sedan,CNG,Manual,Orange,823855,25.3,,,1400.0,5,12554,6.6,Pooja Menon,9617087085,PB11XW3073,Ludhiana,Available,2025-12-14,2023-08-26,6,418061
VH0407,Royal Enfield,Himalayan,2016,Adventure Motorcycle,Petrol,Manual,Orange,247358,48.7,,,500.0,2,4131,5.9,Meera Patel,9221932595,KL83FI4868,Kochi,Available,2025-05-17,2023-09-28,8,88027
VH0503,Hyundai,Santro,2019,Hatchback,Petrol,Automatic,Orange,609579,27.6,,,950.0,5,68850,5.2,Manpreet Patel,9752902881,UP70BV5068,Lucknow,Sold,2025-10-20,2023-01-11,5,323777
VH0072,Honda,Jazz,2020,Hatchback,Petrol,Manual,Black,1181856,38.6,,,1050.0,5,46390,6.5,Manoj Dubey,9340781088,KA74QG3535,Bangalore,Sold,2027-02-13,2024-01-23,4,748835
VH0057,MG,Gloster,2017,SUV,Diesel,DCT,Gold,3221108,20.9,,,1750.0,5,19258,5.9,Arun Patel,9634366139,RJ23CT7267,Jaipur,Under Maintenance,2025-04-20,2024-08-02,7,1355255
VH0930,Kia,Sonet,2019,Compact SUV,Petrol,Manual,Silver,964283,23.3,,,1100.0,5,20675,6.8,Rohit Kumar,9996302119,DL16XX4345,Delhi,Sold,2027-11-09,2022-05-10,5,558633
VH0780,Ather,450 Plus,2023,Electric Scooter,Electric,Automatic,Brown,177957,,329.0,30.1,,2,118009,5.6,Amit Menon,9711768303,HR19CV6806,Faridabad,Available,2024-02-26,2024-10-02,1,142719
VH0201,Honda,WR-V,2023,Compact SUV,CNG,AMT,Brown,1213300,31.5,,,1450.0,5,91419,6.5,Meera Nair,9763834967,UK61BF5512,Dehradun,Sold,2026-04-02,2022-03-21,1,1005317
VH0135,TVS,iQube Electric,2022,Electric Scooter,Electric,Automatic,Gold,133799,,303.0,30.5,,2,69174,6.7,Rekha Agarwal,9789137659,TN93RP4015,Chennai,Under Maintenance,2024-03-10,2022-06-02,2,103135
VH0052,Hero,HF Deluxe,2021,Motorcycle,Petrol,Manual,Silver,65083,38.6,,,200.0,2,37572,7.2,Anjali Chauhan,9386874458,MH36YZ7798,Mumbai,Sold,2025-09-03,2024-09-29,3,47017
VH0041,Hero,Passion Pro,2019,Motorcycle,Petrol,Manual,Yellow,83976,18.9,,,250.0,2,95472,4.3,Vikram Gupta,9893070706,TS16XR4033,Hyderabad,Available,2027-04-22,2024-12-10,5,42368
VH0018,Hero,Splendor Plus,2016,Motorcycle,Petrol,Manual,White,74021,34.7,,,200.0,2,40151,4.7,Neha Pandey,9995226828,MH09HL5669,Pune,Available,2027-06-06,2024-12-19,8,23675
VH0231,Ola Electric,S1 Air,2023,Electric Scooter,Electric,Automatic,Green,156079,,282.0,61.1,,2,88629,6.5,Arun Kumar,9837243267,BR81GG4435,Patna,Available,2024-09-28,2022-12-31,1,129759
VH0514,TVS,Apache RTR 160,2015,Motorcycle,Petrol,Manual,Orange,111718,44.8,,,100.0,2,79534,2.8,Vikram Chauhan,9950174327,HR75ZB2586,Gurugram,Available,2026-12-01,2023-06-29,9,33515
VH0797,MG,Gloster,2017,SUV,Petrol,DCT,Blue,3429354,41.2,,,2300.0,5,45241,5.0,Priya Bhatt,9115259090,UP99GX6208,Lucknow,Under Maintenance,2025-05-28,2022-12-26,7,1353768
VH0379,TVS,Apache RTR 160,2017,Motorcycle,Petrol,Manual,Grey,135048,18.8,,,100.0,2,26078,5.6,Amit Kaur,9159091919,WB80HO6855,Kolkata,Sold,2027-04-09,2024-12-14,7,55899
VH0289,Hero,Passion Pro,2024,Motorcycle,Petrol,Manual,Maroon,110629,36.7,,,150.0,2,84127,7.2,Ravi Yadav,9587563596,MP20OJ5314,Bhopal,Available,2026-11-02,2024-02-16,0,101322
VH0419,Hero,HF Deluxe,2020,Motorcycle,Petrol,Manual,Black,67644,40.5,,,150.0,2,55981,6.1,Manoj Gupta,9865938642,CH61EK7513,Chandigarh,Available,2027-05-08,2023-06-09,4,42211
VH0699,Honda,CR-V,2017,SUV,Petrol,Automatic,Brown,3470184,27.2,,,2400.0,5,118599,2.5,Simran Rao,9775890502,WB85SB6281,Kolkata,Available,2024-01-17,2022-11-22,7,1115320
VH0392,Kia,Sonet,2019,Compact SUV,Diesel,DCT,Green,854483,21.4,,,1150.0,5,50256,5.8,Kavya Rao,9294184632,MP91PL4033,Bhopal,Sold,2026-05-18,2023-03-15,5,469746
VH0593,Honda,Elevate,2024,SUV,Petrol,CVT,Yellow,1456180,20.5,,,2000.0,5,93243,6.9,Rahul Bhatt,9264334700,UP12CA8166,Lucknow,Available,2027-01-18,2022-06-11,0,1320401
VH0523,Renault,Kiger,2022,Compact SUV,Diesel,DCT,Maroon,932170,21.7,,,1000.0,5,28772,8.0,Pooja Bhatt,9613552190,UK41JQ3022,Dehradun,Sold,2026-10-10,2023-08-20,2,756202
VH0163,MG,Hector,2023,SUV,Petrol,Automatic,White,2022198,47.8,,,2250.0,5,103824,6.0,Nisha Nair,9707890457,GJ42JK9967,Ahmedabad,Sold,2025-12-04,2022-04-10,1,1650469
VH0087,Skoda,Superb,2018,Sedan,Petrol,Automatic,Grey,4371154,47.2,,,1950.0,5,69635,4.7,Kavya Kumar,9935504321,UP48VS8218,Lucknow,Available,2026-05-07,2022-11-28,6,1968614
VH0496,Honda,CR-V,2021,SUV,Diesel,Manual,Gold,4130095,12.1,,,1900.0,5,58441,6.6,Simran Verma,9824823116,TN57LF4549,Chennai,Available,2027-11-27,2022-04-08,3,2897505
VH0648,Hero,Xtreme 160R,2016,Motorcycle,Petrol,Manual,Orange,124902,48.3,,,300.0,2,2970,5.9,Priya Menon,9754711634,GJ76MJ2384,Ahmedabad,Available,2026-02-22,2024-02-27,8,44593
VH0153,Ather,450 Plus,2022,Electric Scooter,Electric,Automatic,Maroon,160032,,203.0,52.6,,2,56802,7.1,Rahul Shah,9311875497,RJ82VN7481,Jaipur,Available,2026-03-07,2022-01-10,2,125336
VH0368,TVS,Apache RTR 160,2022,Motorcycle,Petrol,Manual,Gold,155005,17.4,,,100.0,2,12392,8.6,Rohit Kumar,9356691289,HR94NG3174,Faridabad,Sold,2024-02-02,2024-09-09,2,128283
VH0521,Renault,Duster,2016,SUV,CNG,Manual,Yellow,1026533,28.4,,,2400.0,5,720,6.0,Karthik Kaur,9508231386,UP96DS7025,Lucknow,Available,2025-09-28,2022-05-07,8,368812
VH0863,Ather,450 Plus,2019,Electric Scooter,Electric,Automatic,Yellow,161954,,220.0,43.2,,2,45380,6.0,Suresh Kaur,9197697289,WB97WS3248,Kolkata,Sold,2026-12-27,2024-11-24,5,89822
VH0065,MG,ZS EV,2022,Electric SUV,Electric,Automatic,Gold,2816127,,160.0,70.5,,5,16511,8.4,Priya Mishra,9396225446,KA88LR6876,Bangalore,Available,2026-07-20,2022-07-07,2,2319049
VH0837,Ola Electric,S1 Air,2018,Electric Scooter,Electric,Automatic,Gold,117442,,110.0,33.3,,2,47808,5.4,Rajesh Gupta,9737006108,KA96GG5892,Bangalore,Sold,2026-08-07,2022-04-22,6,55455
VH0015,Mahindra,Scorpio,2015,SUV,Petrol,CVT,Maroon,1521482,46.2,,,1950.0,5,8165,5.2,Karthik Gupta,9418587604,GJ90XZ8973,Surat,Available,2027-04-01,2022-05-05,9,456444
VH0181,Hero,Passion Pro,2016,Motorcycle,Petrol,Manual,Green,73029,47.1,,,300.0,2,33034,4.9,Rajesh Kaur,9259261469,HR90TB4522,Faridabad,Available,2025-12-29,2024-03-22,8,23878
VH0065,MG,ZS EV,2022,Electric SUV,Electric,Automatic,Gold,2816127,,160.0,70.5,,5,16511,8.4,Priya Mishra,9396225446,KA88LR6876,Bangalore,Available,2026-07-20,2022-07-07,2,2319049
VH0493,Hyundai,Verna,2017,Sedan,CNG,DCT,Orange,1155377,34.2,,,1500.0,5,100971,3.1,Rohit Joshi,9911101211,MP53YR2986,Indore,Available,2025-10-29,2024-04-19,7,391706
VH0380,Volkswagen,Vento,2015,Sedan,Petrol,DCT,Brown,1072901,41.8,,,1300.0,5,119571,1.5,Arun Shah,9649278898,MP51GP6206,Bhopal,Under Maintenance,2027-09-27,2024-01-10,9,321870
VH0188,Maruti Suzuki,Ertiga,2024,MPV,Petrol,Automatic,Yellow,1319596,21.7,,,2050.0,8,63150,7.9,Arjun Shah,9334944315,RJ63BC1920,Jaipur,Available,2024-01-02,2023-11-11,0,1236263
VH0764,Ather,450 Plus,2018,Electric Scooter,Electric,Automatic,Silver,158143,,256.0,49.7,,2,106273,3.5,Karthik Dubey,9983089574,MH08YN3298,Mumbai,Available,2025-05-11,2024-03-12,6,65428
VH0217,Honda,Jazz,2022,Hatchback,Petrol,Manual,Brown,1173324,33.5,,,900.0,5,68697,6.7,Sanjay Tiwari,9810456933,UP89VU1152,Lucknow,Available,2025-07-06,2022-10-08,2,904988
VH0792,Hero,HF Deluxe,2018,Motorcycle,Petrol,Manual,Grey,64571,17.0,,,250.0,2,15747,6.5,Priya Mishra,9321222848,MP27SU1255,Indore,Under Maintenance,2025-08-17,2022-01-10,6,32560
VH0077,Renault,Duster,2016,SUV,Petrol,Manual,Yellow,1090383,32.8,,,1600.0,5,3233,5.9,Simran Tiwari,9410864588,TS74NS7626,Hyderabad,Available,2025-10-27,2022-12-18,8,389012
VH0879,Renault,Duster,2024,SUV,CNG,AMT,Gold,1376937,26.8,,,1650.0,5,60894,8.0,Amit Mishra,9245926081,HR32FU1692,Faridabad,Available,2026-12-19,2024-09-30,0,1293089
VH0338,Renault,Kiger,2024,Compact SUV,Petrol,CVT,Red,1069081,30.6,,,1300.0,5,47723,8.4,Karthik Gupta,9696379379,BR28VF8780,Patna,Available,2026-05-04,2022-11-12,0,1018061
VH0773,Mahindra,Scorpio,2016,SUV,CNG,CVT,Grey,1501066,32.4,,,2800.0,5,84317,3.2,Divya Mishra,9435999953,PB41JD2481,Ludhiana,Sold,2025-01-16,2024-02-23,8,450319
VH0720,MG,Hector,2020,SUV,Petrol,DCT,Gold,1706630,23.2,,,2100.0,5,70317,5.7,Neha Singh,9529555102,MP97OJ8363,Indore,Available,2025-11-15,2024-08-08,4,1040503
VH0749,Kia,Sonet,2019,Compact SUV,Diesel,AMT,White,1019297,15.0,,,1150.0,5,98010,4.2,Rajesh Mishra,9127298692,MH04EO3017,Pune,Available,2025-03-03,2024-02-19,5,511676
VH0296,Toyota,Glanza,2015,Hatchback,CNG,Automatic,Yellow,671067,28.1,,,1000.0,5,18641,4.9,Sunita Verma,9594318319,BR66RS3534,Patna,Available,2025-06-26,2024-01-22,9,201320
VH0726,Mahindra,XUV300,2021,Compact SUV,CNG,Automatic,Maroon,1277347,33.0,,,1150.0,5,34578,7.3,Kavya Dubey,9907993378,GJ13KU2213,Ahmedabad,Available,2025-12-02,2023-08-28,3,926615
VH0017,Hyundai,i20,2021,Hatchback,Petrol,DCT,White,905389,52.3,,,950.0,5,60429,6.5,Meera Nair,9821221887,HR92KH5351,Gurugram,Sold,2025-10-09,2022-05-29,3,633383
VH0276,Skoda,Octavia,2024,Sedan,Petrol,CVT,Maroon,5139774,46.0,,,1750.0,5,31253,9.0,Neha Singh,9124804609,UP76QO7782,Agra,Available,2027-09-17,2023-05-31,0,4979140
VH0751,Ford,Aspire,2018,Sedan,Diesel,Manual,Red,834146,16.7,,,1600.0,5,13615,6.5,Meera Tiwari,9529827812,MP15OA1118,Bhopal,Under Maintenance,2025-12-27,2024-01-09,6,422399
VH0486,Ola Electric,S1 Air,2022,Electric Scooter,Electric,Automatic,Yellow,138169,,121.0,27.4,,2,4445,8.9,Vikram Pandey,9583153682,UP55YW7843,Lucknow,Sold,2026-02-06,2022-10-12,2,115447
VH0456,Ford,Aspire,2017,Sedan,Petrol,Manual,Brown,812500,27.0,,,1600.0,5,12247,6.1,Sanjay Nair,9296139268,MH15DR3755,Mumbai,Available,2024-11-11,2023-09-21,7,347549
VH0997,Maruti Suzuki,Dzire,2020,Sedan,Petrol,Automatic,Grey,885738,25.8,,,1300.0,5,110120,4.3,Manpreet Rao,9891397304,MP28ZF9902,Bhopal,Available,2024-05-08,2022-09-16,4,504764
VH0816,Tata,Nexon,2021,Compact SUV,Diesel,Automatic,Orange,1151959,13.0,,,1250.0,5,62000,6.4,Simran Dubey,9750105387,UP68GP4232,Noida,Sold,2025-08-12,2022-05-06,3,804067
VH0887,Kia,EV6,2017,Electric SUV,Electric,Automatic,Black,6459549,,245.0,22.8,,5,61881,4.4,Pooja Dubey,9945047864,UP01CF1613,Lucknow,Available,2024-12-05,2024-10-07,7,2442478
VH0270,TVS,Apache RTR 160,2023,Motorcycle,Petrol,Manual,Blue,155629,49.3,,,200.0,2,50232,7.8,Anjali Sharma,9112691606,MH16WQ8537,Nagpur,Sold,2027-04-04,2022-07-26,1,135361
VH0996,Bajaj,Avenger 220,2024,Motorcycle,Petrol,Manual,Maroon,182385,43.4,,,200.0,2,84798,7.2,Vikas Pandey,9872407753,MP89HN8356,Indore,Under Maintenance,2026-04-26,2022-11-03,0,166919
VH0202,Ford,Endeavour,2015,SUV,Petrol,CVT,Red,3568836,14.8,,,2800.0,5,97981,2.2,Seema Patel,9244295352,KL40IP2609,Kochi,Available,2026-06-26,2023-10-20,9,1070650
VH0162,Volkswagen,Virtus,2021,Sedan,Petrol,Manual,Gold,1410448,50.1,,,1300.0,5,114389,4.7,Kavya Dubey,9451424185,WB66XI7046,Kolkata,Available,2024-07-09,2024-07-27,3,910600
VH0580,Royal Enfield,Meteor 350,2022,Motorcycle,Petrol,Manual,Silver,272394,49.9,,,100.0,2,14301,8.5,Simran Agarwal,9108528676,UK83BX5011,Dehradun,Available,2025-08-18,2024-02-09,2,224915
VH0730,TVS,Jupiter,2022,Scooter,Petrol,Manual,Blue,110743,14.6,,,100.0,2,103951,5.5,Karthik Menon,9753523546,TS29JG4675,Hyderabad,Sold,2024-09-01,2023-02-08,2,81512
VH0402,Tata,Nexon EV,2019,Electric SUV,Electric,Automatic,Blue,1745762,,143.0,4.1,,5,91720,4.4,Nisha Chauhan,9552230665,TS05OV7921,Hyderabad,Available,2026-08-19,2022-02-15,5,887335
VH0703,Hero,Xtreme 160R,2017,Motorcycle,Petrol,Manual,White,140807,41.0,,,250.0,2,32577,5.4,Arjun Gupta,9568740794,RJ39JC4024,Jaipur,Available,2024-11-11,2024-02-06,7,57368
VH0501,Mahindra,KUV100,2020,Micro SUV,Petrol,Manual,Red,799940,38.9,,,1150.0,5,30988,7.0,Ananya Bhatt,9856589767,WB66UX4808,Kolkata,Under Maintenance,2024-02-13,2022-09-12,4,519170
VH0846,Toyota,Camry,2020,Sedan,Petrol,Automatic,Green,5795267,37.5,,,1500.0,5,75927,5.5,Ananya Agarwal,9145073984,HR51CN2833,Faridabad,Available,2024-01-09,2023-06-06,4,3500764
VH0796,Kia,Seltos,2023,SUV,Petrol,Automatic,Brown,1306832,54.8,,,2250.0,5,91413,6.5,Rajesh Mishra,9298082098,MP14DH1623,Indore,Available,2024-05-18,2023-05-11,1,1082824
VH0130,Ford,Aspire,2021,Sedan,Diesel,CVT,Silver,857378,21.8,,,1950.0,5,55092,6.7,Manpreet Pandey,9161873231,PB29JW3365,Ludhiana,Available,2027-02-15,2024-12-21,3,604372
VH0566,Royal Enfield,Himalayan,2017,Adventure Motorcycle,Petrol,Manual,Brown,232572,54.8,,,450.0,2,44207,5.0,Suresh Tiwari,9746116751,WB46KP7944,Kolkata,Sold,2024-10-10,2023-05-19,7,92050
VH0414,Royal Enfield,Classic 350,2017,Motorcycle,Petrol,Manual,Gold,214583,34.8,,,350.0,2,84594,3.7,Kavya Sharma,9918164904,GJ78XR6353,Surat,Available,2025-01-11,2024-06-27,7,76264
VH0022,Ather,450 Plus,2024,Electric Scooter,Electric,Automatic,Red,186507,,336.0,76.4,,2,105650,6.5,Gurpreet Kaur,9940081098,RJ23NA3938,Jaipur,Under Maintenance,2027-10-03,2023-05-24,0,166802
VH0026,Honda,Elevate,2019,SUV,Petrol,CVT,Brown,1206447,27.4,,,2600.0,5,23310,6.7,Manoj Mishra,9827264603,KL71EG7888,Kochi,Sold,2027-06-14,2023-09-09,5,695745
VH0412,Hyundai,Creta,2018,SUV,CNG,DCT,Black,1218748,31.4,,,2600.0,5,52008,5.3,Seema Pandey,9517117581,MH88DR4872,Pune,Available,2025-06-07,2023-09-09,6,570364
VH0896,Skoda,Octavia,2018,Sedan,Diesel,AMT,Yellow,3711337,14.0,,,1300.0,5,37524,5.7,Kavya Nair,9260338451,DL76DE2764,Delhi,Sold,2025-11-12,2023-10-18,6,1790631
VH0586,Honda,Elevate,2021,SUV,CNG,DCT,Yellow,1302014,34.9,,,3000.0,5,55573,6.6,Priya Gupta,9900697371,TN82OU2596,Chennai,Under Maintenance,2027-11-27,2022-12-07,3,917173
VH0105,Hero,HF Deluxe,2020,Motorcycle,Petrol,Manual,Orange,67927,26.8,,,350.0,2,61641,5.9,Ananya Agarwal,9214014134,UP45ME7070,Agra,Available,2024-09-07,2023-07-02,4,42003
VH0206,Hyundai,Venue,2024,Compact SUV,Diesel,Automatic,Red,1198226,20.8,,,1200.0,5,105470,6.5,Suresh Nair,9795109916,UP53QA1145,Noida,Available,2024-01-18,2023-04-04,0,1071849
VH0035,Renault,Kwid,2015,Hatchback,Petrol,Automatic,Yellow,382353,14.8,,,900.0,5,101018,2.1,Nisha Gupta,9599326438,PB17PV2874,Ludhiana,Sold,2026-01-25,2022-12-10,9,114705
VH0776,Renault,Kiger,2015,Compact SUV,Diesel,DCT,Red,710926,24.9,,,1000.0,5,28807,4.5,Vikas Patel,9572828547,MP29WH5019,Indore,Sold,2024-10-24,2022-01-26,9,213277
VH0509,Renault,Triber,2022,MPV,Petrol,CVT,Black,1124525,41.7,,,2400.0,7,87348,6.1,Pooja Patel,9746552918,GJ78OV3414,Ahmedabad,Available,2024-11-26,2022-01-26,2,846375
VH0452,Skoda,Octavia,2018,Sedan,Diesel,AMT,Silver,3607871,19.1,,,1300.0,5,62789,4.9,Nisha Pandey,9462734944,DL54PS6074,Delhi,Sold,2027-05-25,2022-09-29,6,1649558
VH0479,Kia,Sonet,2023,Compact SUV,Petrol,CVT,Gold,1031956,31.6,,,1500.0,5,43449,8.1,Seema Agarwal,9415876317,PB06YT4098,Ludhiana,Sold,2025-05-21,2022-04-20,1,904562
VH0971,Tata,Altroz,2015,Hatchback,Diesel,Automatic,Brown,677329,13.0,,,900.0,5,61806,3.4,Arjun Chauhan,9819012830,CH49DH7912,Chandigarh,Available,2026-10-12,2023-12-08,9,203198
VH0391,Kia,Carens,2018,MPV,Diesel,CVT,Green,1139928,13.9,,,2450.0,8,9457,6.7,Harpreet Shah,9359654955,PB45LF9202,Amritsar,Available,2024-07-21,2022-01-29,6,581982
VH0092,Royal Enfield,Bullet 350,2016,Motorcycle,Petrol,Manual,Blue,189863,28.8,,,500.0,2,49429,4.4,Meera Dubey,9146744734,BR65ZQ1333,Patna,Sold,2025-06-03,2022-02-03,8,58965
VH0364,Honda,WR-V,2018,Compact SUV,Petrol,Automatic,Brown,1120173,49.7,,,1300.0,5,80379,4.3,Priya Tiwari,9255629507,PB10PS8936,Ludhiana,Available,2026-07-20,2022-12-31,6,492451
VH0898,Tata,Nexon,2015,Compact SUV,CNG,AMT,Yellow,953581,30.0,,,1500.0,5,55858,3.6,Rajesh Kaur,9900239651,WB91KO3177,Kolkata,Under Maintenance,2027-09-10,2023-10-07,9,286074
VH0565,Skoda,Octavia,2020,Sedan,Petrol,CVT,Black,4556673,41.1,,,1600.0,5,59049,6.0,Harpreet Nair,9443872264,HR10ZA3435,Faridabad,Available,2026-09-06,2022-05-18,4,2829470
VH0370,Ford,EcoSport,2019,Compact SUV,Petrol,CVT,Black,1152306,39.1,,,1450.0,5,88928,4.5,Gurpreet Verma,9652694084,UP88CT6500,Lucknow,Under Maintenance,2026-01-15,2022-04-16,5,588911
VH0777,Renault,Kwid,2024,Hatchback,Petrol,AMT,Brown,541070,36.6,,,1250.0,5,93134,6.9,Divya Bhatt,9515649533,UP53FQ7547,Lucknow,Sold,2026-01-15,2023-06-24,0,490677
VH0242,Honda,CR-V,2015,SUV,Petrol,Manual,Brown,3379433,38.0,,,2600.0,5,100806,2.1,Manpreet Kumar,9751295118,MH46QD5748,Mumbai,Available,2026-06-15,2024-02-21,9,1013829
VH0014,Hero,HF Deluxe,2016,Motorcycle,Petrol,Manual,White,57186,49.3,,,500.0,2,63592,3.9,Amit Patel,9278575192,KA07UR1241,Bangalore,Available,2025-03-13,2024-04-01,8,17155
VH0316,Ola Electric,S1 Air,2023,Electric Scooter,Electric,Automatic,Brown,149581,,140.0,32.6,,2,23944,8.7,Nisha Nair,9274079423,WB06YF6491,Kolkata,Sold,2027-12-29,2022-04-16,1,134032
VH0601,Mahindra,Thar,2023,Off-Road SUV,Diesel,CVT,Blue,2166144,15.8,,,2500.0,5,28704,8.5,Deepak Singh,9484125249,WB04DF6286,Kolkata,Available,2027-09-07,2024-02-01,1,1930675
VH0388,Ola Electric,S1 Pro,2021,Electric Scooter,Electric,Automatic,Blue,174101,,119.0,11.8,,2,117118,4.6,Simran Yadav,9249265120,TN03PL6104,Chennai,Sold,2027-05-08,2024-12-07,3,111926
VH0298,Bajaj,Pulsar 150,2015,Motorcycle,Petrol,Manual,Blue,119453,27.7,,,400.0,2,5897,5.3,Divya Mishra,9158119446,GJ16YH1187,Surat,Available,2025-10-15,2022-11-03,9,35835
VH0167,Toyota,Urban Cruiser,2017,Compact SUV,Diesel,Manual,Black,987057,12.1,,,1500.0,5,58484,4.6,Divya Nair,9542070132,RJ57LX4490,Jaipur,Sold,2025-03-20,2022-06-27,7,376578
VH0841,Maruti Suzuki,Celerio,2017,Hatchback,Petrol,Manual,Black,525375,23.6,,,1250.0,5,91175,3.5,Simran Bhatt,9615100796,HR72II1369,Faridabad,Available,2024-11-09,2023-03-18,7,183263
VH0021,Maruti Suzuki,Baleno,2016,Hatchback,Diesel,DCT,Blue,655210,16.8,,,1200.0,5,33206,4.9,Rohit Verma,9484194737,TN56EB6050,Chennai,Available,2027-09-27,2022-07-30,8,214118
VH0647,Royal Enfield,Meteor 350,2022,Motorcycle,Petrol,Manual,Maroon,273253,22.3,,,200.0,2,19107,8.4,Sunita Yadav,9878366992,MP30JX4453,Bhopal,Sold,2024-03-14,2023-04-27,2,224311
VH0843,Volkswagen,Polo,2019,Hatchback,Diesel,Automatic,Black,908403,22.5,,,1300.0,5,6698,7.3,Manpreet Patel,9868336705,DL73NR9004,Delhi,Sold,2025-08-09,2024-01-16,5,538957
VH0509,Renault,Triber,2022,MPV,Petrol,CVT,Black,1124525,41.7,,,2400.0,7,87348,6.1,Pooja Patel,9746552918,GJ78OV3414,Ahmedabad,Available,2024-11-26,2022-01-26,2,846375
VH0155,Bajaj,Pulsar 150,2020,Motorcycle,Petrol,Manual,Blue,129803,32.8,,,200.0,2,40526,6.6,Manoj Nair,9436280635,HR91ZJ2388,Gurugram,Available,2024-08-27,2023-01-10,4,83005
VH0529,Honda,City,2016,Sedan,Petrol,DCT,Black,1148744,38.1,,,1950.0,5,39607,4.7,Meera Dubey,9792130377,GJ89XD3967,Ahmedabad,Sold,2027-03-16,2022-09-14,8,368049
VH0832,Tata,Punch,2017,Micro SUV,Petrol,DCT,Gold,769021,43.3,,,850.0,5,8646,6.2,Anjali Joshi,9628770282,MH46KC7760,Pune,Available,2026-12-10,2024-05-02,7,331720
VH0268,Kia,EV6,2018,Electric SUV,Electric,Automatic,Yellow,6466488,,161.0,71.9,,5,89080,4.0,Karthik Rao,9228718546,UP30GH6833,Lucknow,Under Maintenance,2027-09-20,2024-10-05,6,2786539
VH0591,Royal Enfield,Bullet 350,2015,Motorcycle,Petrol,Manual,Green,194766,31.0,,,100.0,2,75497,3.0,Rajesh Shah,9440881854,CH20ZL9502,Chandigarh,Available,2026-05-30,2023-05-11,9,58429
VH0900,Ford,Figo,2020,Hatchback,Petrol,Manual,Brown,773302,47.8,,,1200.0,5,77896,5.4,Pooja Chauhan,9519500392,UP28EK9273,Lucknow,Sold,2027-06-08,2023-02-07,4,465608
VH0563,Skoda,Kushaq,2023,Compact SUV,Petrol,Automatic,Silver,1336156,23.2,,,1150.0,5,108344,5.9,Arjun Mishra,9837409683,GJ50EL5699,Surat,Sold,2024-08-18,2024-10-04,1,1084499
VH0952,MG,ZS EV,2015,Electric SUV,Electric,Automatic,Blue,2054195,,254.0,8.1,,5,52535,3.7,Sunita Agarwal,9413794060,KA68UY5699,Bangalore,Available,2026-12-21,2024-09-04,9,616258
VH0687,Honda,Amaze,2023,Sedan,Petrol,AMT,Silver,930849,45.7,,,1600.0,5,28869,8.5,Neha Sharma,9941131677,UP79VP4429,Agra,Available,2024-07-06,2022-10-28,1,829508
VH0958,Ford,Figo,2018,Hatchback,Petrol,DCT,Yellow,754502,35.7,,,1100.0,5,49070,5.4,Arun Rao,9157338177,DL28HU7132,Delhi,Available,2026-07-13,2022-02-06,6,355317
VH0190,Royal Enfield,Thunderbird 350,2020,Motorcycle,Petrol,Manual,Yellow,222617,53.7,,,350.0,2,735,8.0,Sanjay Kumar,9236739271,PB86SF7199,Ludhiana,Available,2027-12-08,2024-03-12,4,151215
VH0807,Ford,Figo,2018,Hatchback,Diesel,Automatic,Silver,699138,12.9,,,1250.0,5,105663,3.5,Simran Singh,9411107084,TS75OP6547,Hyderabad,Available,2027-02-24,2022-11-24,6,289678
VH0976,Ather,450 Plus,2021,Electric Scooter,Electric,Automatic,White,168056,,130.0,38.6,,2,19707,7.8,Vikas Mishra,9656496091,HR08MP4865,Faridabad,Sold,2024-02-01,2024-01-18,3,124410
VH0700,TVS,Ntorq 125,2020,Scooter,Petrol,Manual,Maroon,111954,18.1,,,150.0,2,60327,6.0,Harpreet Sharma,9571382013,KL21OR4050,Kochi,Sold,2027-04-30,2024-06-09,4,69374
VH0500,Tata,Harrier,2021,SUV,CNG,DCT,Blue,1878458,34.9,,,2600.0,5,89353,5.5,Arun Kaur,9777395712,BR73FI2552,Patna,Sold,2027-11-21,2022-09-30,3,1259782
VH0706,Maruti Suzuki,WagonR,2016,Hatchback,Diesel,Automatic,Red,588218,12.6,,,1000.0,5,89009,3.0,Deepak Nair,9405977902,GJ12KM3947,Surat,Available,2026-09-11,2022-03-13,8,176465
VH0511,Tata,Nexon EV,2024,Electric SUV,Electric,Automatic,Black,2306134,,188.0,67.2,,5,107505,6.4,Simran Kumar,9106893748,GJ96GX7520,Ahmedabad,Under Maintenance,2026-10-04,2022-01-04,0,2058213
VH0083,Mahindra,XUV300,2020,Compact SUV,CNG,AMT,Blue,1132679,28.4,,,1450.0,5,37743,6.7,Anjali Rao,9699108439,DL81UK2079,Delhi,Sold,2025-05-31,2022-11-04,4,727471
VH0475,TVS,iQube Electric,2024,Electric Scooter,Electric,Automatic,Grey,156277,,318.0,48.5,,2,119846,6.0,Neha Rao,9587803152,TS79JN6384,Hyderabad,Sold,2024-03-27,2024-10-12,0,137547
VH0585,Mahindra,KUV100,2021,Micro SUV,CNG,DCT,Blue,834805,25.1,,,950.0,5,60617,6.5,Anjali Kaur,9115232939,MH93VS3369,Mumbai,Available,2024-10-29,2024-10-19,3,583848
VH0857,Ola Electric,S1 Pro,2017,Electric Scooter,Electric,Automatic,Yellow,142397,,141.0,9.4,,2,104046,3.0,Rohit Agarwal,9382401272,RJ86GO9944,Jaipur,Available,2027-09-06,2023-01-15,7,47838
VH0748,Kia,Carens,2020,MPV,Petrol,Automatic,Grey,1259270,20.1,,,1750.0,7,9578,7.7,Harpreet Nair,9679902460,KA04RT1646,Bangalore,Available,2025-11-01,2023-10-08,4,844242
VH0253,Toyota,Fortuner,2017,SUV,CNG,DCT,White,3965652,26.2,,,1850.0,5,21634,5.8,Manoj Dubey,9614345062,GJ43XD8889,Surat,Available,2027-08-18,2024-04-21,7,1659093
VH0022,Ather,450 Plus,2024,Electric Scooter,Electric,Automatic,Red,186507,,336.0,76.4,,2,105650,6.5,Gurpreet Kaur,9940081098,RJ23NA3938,Jaipur,Under Maintenance,2027-10-03,2023-05-24,0,166802
VH0338,Renault,Kiger,2024,Compact SUV,Petrol,CVT,Red,1069081,30.6,,,1300.0,5,47723,8.4,Karthik Gupta,9696379379,BR28VF8780,Patna,Available,2026-05-04,2022-11-12,0,1018061
VH0460,Maruti Suzuki,Celerio,2024,Hatchback,CNG,Automatic,Maroon,650693,34.3,,,1150.0,5,37372,8.8,Rohit Gupta,9728309864,GJ77IV7228,Ahmedabad,Sold,2024-04-03,2022-11-27,0,626375
VH0185,Hyundai,Verna,2019,Sedan,Petrol,AMT,Brown,1376676,33.6,,,1300.0,5,105641,4.0,Divya Chauhan,9367520363,GJ50EN4267,Ahmedabad,Sold,2027-01-18,2022-02-09,5,680572
VH0277,Tata,Harrier,2017,SUV,Petrol,Manual,Red,1518263,52.4,,,2250.0,5,20852,5.8,Ananya Joshi,9211592272,BR07AY7504,Patna,Available,2024-06-21,2024-03-09,7,636376
VH0956,Hero,Splendor Plus,2020,Motorcycle,Petrol,Manual,Orange,91497,22.7,,,200.0,2,57678,6.1,Rajesh Tiwari,9646615999,UP33KL1852,Lucknow,Available,2027-03-17,2022-08-11,4,56940
VH0216,Renault,Triber,2018,MPV,Petrol,DCT,White,962314,19.0,,,2400.0,7,87265,4.1,Arun Verma,9737721108,WB82IY9761,Kolkata,Under Maintenance,2024-08-09,2022-02-10,6,416426
VH0386,MG,Hector,2019,SUV,CNG,DCT,Gold,1680856,25.8,,,1800.0,5,90280,4.5,Ravi Kaur,9439528365,UP24YD3738,Noida,Sold,2025-09-08,2023-07-10,5,856765
VH0806,Hero,HF Deluxe,2017,Motorcycle,Petrol,Manual,Black,62801,34.0,,,500.0,2,113516,2.7,Manpreet Joshi,9192073425,UP81BV2590,Agra,Available,2024-04-18,2023-11-10,7,20503
VH0438,Mahindra,Bolero,2018,MUV,CNG,Manual,Red,1281366,26.3,,,1800.0,7,6666,6.8,Suresh Kumar,9352027504,UK63DZ7815,Dehradun,Available,2024-02-07,2024-01-05,6,657768
VH0516,Hero,Xtreme 160R,2017,Motorcycle,Petrol,Manual,Gold,129816,19.0,,,500.0,2,62785,4.4,Kavya Shah,9836785419,GJ90YH7036,Ahmedabad,Sold,2026-11-20,2024-04-26,7,48968
VH0344,Volkswagen,Taigun,2019,Compact SUV,Petrol,Manual,Black,1312605,51.3,,,1100.0,5,69625,5.2,Pooja Patel,9620677295,HR58LZ3873,Gurugram,Available,2024-03-08,2023-12-04,5,696172
VH0770,Honda,CR-V,2016,SUV,Petrol,Manual,Orange,3132131,45.3,,,2050.0,5,46021,4.5,Rajesh Mishra,9871256936,PB87WT7911,Amritsar,Sold,2027-08-18,2024-06-20,8,983423
VH0333,TVS,Apache RTR 160,2016,Motorcycle,Petrol,Manual,Green,125493,28.4,,,450.0,2,104932,2.5,Ananya Rao,9535602000,RJ37YL3087,Jaipur,Sold,2024-08-07,2023-10-30,8,37647
VH0686,Royal Enfield,Meteor 350,2019,Motorcycle,Petrol,Manual,Red,251655,45.4,,,300.0,2,28869,6.5,Amit Bhatt,9263661669,BR70UV4319,Patna,Available,2025-07-27,2023-01-01,5,143727
VH0131,Bajaj,Pulsar NS200,2019,Motorcycle,Petrol,Manual,Grey,160900,40.5,,,450.0,2,79526,4.8,Priya Menon,9504981031,MH12RX4120,Pune,Sold,2024-03-21,2022-05-30,5,83744
VH0688,Mahindra,Scorpio,2015,SUV,CNG,Manual,Brown,1513780,25.5,,,2300.0,5,73919,3.0,Sanjay Chauhan,9916051762,MH55VP6359,Nagpur,Available,2026-03-16,2024-02-12,9,454134
VH0872,Bajaj,Avenger 220,2015,Motorcycle,Petrol,Manual,Blue,132265,25.1,,,450.0,2,58458,3.6,Suresh Chauhan,9761036088,GJ68KK1339,Surat,Available,2027-05-27,2023-02-25,9,39679
VH0124,Toyota,Camry,2021,Sedan,Petrol,DCT,Green,5191590,33.0,,,1650.0,5,56034,6.6,Gurpreet Gupta,9720956992,UP03MI1049,Agra,Available,2025-12-06,2022-05-11,3,3654702
VH0397,TVS,iQube Electric,2018,Electric Scooter,Electric,Automatic,Black,127278,,134.0,4.9,,2,20519,6.3,Neha Mishra,9749167041,UP07CP1438,Agra,Sold,2025-09-12,2022-07-17,6,63572
VH0088,Toyota,Glanza,2015,Hatchback,Petrol,CVT,Orange,713872,18.2,,,1200.0,5,57840,3.6,Pooja Pandey,9651208305,KA37CY3626,Bangalore,Available,2024-07-06,2023-03-31,9,214161
VH0483,Royal Enfield,Thunderbird 350,2020,Motorcycle,Petrol,Manual,Green,249165,27.0,,,400.0,2,39103,6.7,Divya Joshi,9485573103,CH23OH5351,Chandigarh,Under Maintenance,2026-10-24,2024-11-16,4,159689
VH0331,Bajaj,Pulsar NS200,2024,Motorcycle,Petrol,Manual,Black,213060,39.8,,,450.0,2,99556,6.7,Simran Agarwal,9184337702,UK46JK4246,Dehradun,Under Maintenance,2026-08-11,2022-09-27,0,191848
VH0239,Ford,Aspire,2016,Sedan,Petrol,CVT,Black,740552,25.6,,,2000.0,5,25732,5.1,Suresh Verma,9418293546,MH66ZQ8300,Pune,Sold,2025-10-18,2024-11-18,8,247542
VH0467,Royal Enfield,Classic 350,2020,Motorcycle,Petrol,Manual,Red,227511,54.8,,,300.0,2,95031,4.8,Rohit Chauhan,9914993363,KA88QO9119,Bangalore,Available,2025-04-04,2022-04-07,4,133086
VH0122,Toyota,Urban Cruiser,2017,Compact SUV,Petrol,DCT,Black,959609,42.8,,,1350.0,5,59056,4.5,Manoj Shah,9945432844,BR86GY5054,Patna,Available,2026-12-17,2024-01-11,7,365557
VH0639,Honda,Jazz,2018,Hatchback,Petrol,DCT,Yellow,1025435,14.9,,,1000.0,5,75913,4.5,Seema Singh,9409311735,GJ50WL2113,Ahmedabad,Available,2025-05-09,2024-11-26,6,455382
VH0045,Kia,Carnival,2016,MPV,Diesel,Automatic,Gold,2572278,13.0,,,1300.0,8,92641,2.9,Priya Patel,9409350265,MH89TP5771,Nagpur,Sold,2026-07-18,2022-05-26,8,771683
VH0725,Maruti Suzuki,Celerio,2022,Hatchback,Petrol,CVT,Maroon,709595,48.0,,,800.0,5,34906,7.8,Deepak Rao,9211264367,MH52WQ8209,Pune,Available,2027-04-02,2022-08-17,2,571290
VH0096,Mahindra,Bolero,2019,MUV,CNG,Manual,Red,1192310,31.6,,,1950.0,8,119986,3.5,Rohit Pandey,9145478504,UK92NF8272,Dehradun,Sold,2025-12-23,2024-06-09,5,572325
VH0131,Bajaj,Pulsar NS200,2019,Motorcycle,Petrol,Manual,Grey,160900,40.5,,,450.0,2,79526,4.8,Priya Menon,9504981031,MH12RX4120,Pune,Sold,2024-03-21,2022-05-30,5,83744
VH0295,Royal Enfield,Himalayan,2024,Adventure Motorcycle,Petrol,Manual,Green,301329,36.4,,,550.0,2,37787,8.7,Kavya Mishra,9100210054,BR96IL8412,Patna,Sold,2027-05-05,2022-02-03,0,289942
VH0861,Royal Enfield,Classic 350,2020,Motorcycle,Petrol,Manual,Grey,241797,15.1,,,350.0,2,53784,6.2,Suresh Shah,9948758119,WB58TH3086,Kolkata,Available,2027-08-16,2022-11-19,4,151417
VH0460,Maruti Suzuki,Celerio,2024,Hatchback,CNG,Automatic,Maroon,650693,34.3,,,1150.0,5,37372,8.8,Rohit Gupta,9728309864,GJ77IV7228,Ahmedabad,Sold,2024-04-03,2022-11-27,0,626375
VH0127,MG,ZS EV,2019,Electric SUV,Electric,Automatic,Orange,2434420,,324.0,60.1,,5,13724,7.0,Arun Sharma,9358413465,KA05ZV7868,Bangalore,Available,2027-05-01,2022-03-10,5,1427242
